url,path,href_inlinks,unique_linking_pages,contextual_inlinks,navigation_inlinks,outlinks,crawl_depth,parent_hub,cluster,orphan_status,is_country_tool
https://www.expatcopilot.com/about,/about,446,446,446,0,31,1,/,other,LINKED,NO
https://www.expatcopilot.com/affiliate-disclosure,/affiliate-disclosure,446,446,446,0,30,1,/,other,LINKED,NO
https://www.expatcopilot.com/contact,/contact,446,446,446,0,30,1,/,other,LINKED,NO
https://www.expatcopilot.com/cookies,/cookies,446,446,446,0,30,1,/,other,LINKED,NO
https://www.expatcopilot.com/disclaimer,/disclaimer,446,446,446,0,30,1,/,other,LINKED,NO
https://www.expatcopilot.com/editorial-policy,/editorial-policy,446,446,446,0,30,1,/,other,LINKED,NO
https://www.expatcopilot.com/how-this-site-works,/how-this-site-works,446,446,446,0,31,1,/,other,LINKED,NO
https://www.expatcopilot.com/how-we-rank-services,/how-we-rank-services,446,446,446,0,30,1,/,other,LINKED,NO
https://www.expatcopilot.com/methodology,/methodology,446,446,446,0,30,1,/,other,LINKED,NO
https://www.expatcopilot.com/netherlands,/netherlands,446,446,0,446,55,0,/,other,LINKED,NO
https://www.expatcopilot.com/netherlands/after-arriving-netherlands,/netherlands/after-arriving-netherlands,187,187,187,0,55,2,/netherlands/after-arriving-netherlands,other,LINKED,NO
https://www.expatcopilot.com/netherlands/amstelveen,/netherlands/amstelveen,44,44,44,0,74,2,/netherlands/amstelveen,other,LINKED,NO
https://www.expatcopilot.com/netherlands/amsterdam,/netherlands/amsterdam,94,94,94,0,77,2,/netherlands/amsterdam,other,LINKED,NO
https://www.expatcopilot.com/netherlands/apostille-documents-netherlands,/netherlands/apostille-documents-netherlands,53,53,53,0,40,2,/netherlands/apostille-documents-netherlands,other,LINKED,NO
https://www.expatcopilot.com/netherlands/arnhem,/netherlands/arnhem,25,25,25,0,73,2,/netherlands/arnhem,other,LINKED,NO
https://www.expatcopilot.com/netherlands/breda,/netherlands/breda,30,30,30,0,73,2,/netherlands/breda,other,LINKED,NO
https://www.expatcopilot.com/netherlands/bringing-pets-to-netherlands,/netherlands/bringing-pets-to-netherlands,20,20,20,0,41,2,/netherlands/bringing-pets-to-netherlands,other,LINKED,NO
https://www.expatcopilot.com/netherlands/bsn-registration,/netherlands/bsn-registration,113,113,113,0,44,1,/netherlands/bsn-registration,other,LINKED,NO
https://www.expatcopilot.com/netherlands/business/starting-a-business-netherlands,/netherlands/business/starting-a-business-netherlands,7,7,7,0,57,2,/netherlands/business,other,LINKED,NO
https://www.expatcopilot.com/netherlands/business/zzp-netherlands,/netherlands/business/zzp-netherlands,10,10,10,0,50,2,/netherlands/business,other,LINKED,NO
https://www.expatcopilot.com/netherlands/cities,/netherlands/cities,446,446,446,0,75,1,/netherlands/cities,other,LINKED,NO
https://www.expatcopilot.com/netherlands/cities/amsterdam-vs-rotterdam,/netherlands/cities/amsterdam-vs-rotterdam,25,25,25,0,45,2,/netherlands/cities,other,LINKED,NO
https://www.expatcopilot.com/netherlands/cities/best-cities-for-expats,/netherlands/cities/best-cities-for-expats,26,26,26,0,73,2,/netherlands/cities,other,LINKED,NO
https://www.expatcopilot.com/netherlands/cities/best-cities-for-families,/netherlands/cities/best-cities-for-families,38,38,38,0,67,2,/netherlands/cities,other,LINKED,NO
https://www.expatcopilot.com/netherlands/cities/best-cities-for-international-professionals,/netherlands/cities/best-cities-for-international-professionals,21,21,21,0,62,2,/netherlands/cities,other,LINKED,NO
https://www.expatcopilot.com/netherlands/cities/cheapest-cities-for-expats,/netherlands/cities/cheapest-cities-for-expats,27,27,27,0,68,2,/netherlands/cities,other,LINKED,NO
https://www.expatcopilot.com/netherlands/cities/compare,/netherlands/cities/compare,5,5,5,0,39,2,/netherlands/cities,other,LINKED,NO
https://www.expatcopilot.com/netherlands/citizenship/dutch-citizenship,/netherlands/citizenship/dutch-citizenship,17,17,17,0,41,1,/netherlands/citizenship,other,LINKED,NO
https://www.expatcopilot.com/netherlands/citizenship/permanent-residence,/netherlands/citizenship/permanent-residence,21,21,21,0,43,1,/netherlands/citizenship,other,LINKED,NO
https://www.expatcopilot.com/netherlands/citizenship/tools,/netherlands/citizenship/tools,7,7,7,0,38,2,/netherlands/citizenship,other,LINKED,NO
https://www.expatcopilot.com/netherlands/citizenship/tools/dual-citizenship-awareness-tool,/netherlands/citizenship/tools/dual-citizenship-awareness-tool,3,3,3,0,40,2,/netherlands/citizenship,other,LINKED,NO
https://www.expatcopilot.com/netherlands/citizenship/tools/dutch-citizenship-timeline-calculator,/netherlands/citizenship/tools/dutch-citizenship-timeline-calculator,4,4,4,0,40,2,/netherlands/citizenship,other,LINKED,NO
https://www.expatcopilot.com/netherlands/citizenship/tools/permanent-residence-eligibility-calculator,/netherlands/citizenship/tools/permanent-residence-eligibility-calculator,5,5,5,0,39,2,/netherlands/citizenship,other,LINKED,NO
https://www.expatcopilot.com/netherlands/culture,/netherlands/culture,28,28,28,0,52,2,/netherlands/culture,culture,LINKED,NO
https://www.expatcopilot.com/netherlands/culture/communication-style,/netherlands/culture/communication-style,0,0,0,0,38,,/netherlands/culture,culture,ORPHAN,NO
https://www.expatcopilot.com/netherlands/culture/dutch-language-basics,/netherlands/culture/dutch-language-basics,2,2,2,0,36,3,/netherlands/culture,culture,NEAR_ORPHAN,NO
https://www.expatcopilot.com/netherlands/culture/dutch-social-calendar,/netherlands/culture/dutch-social-calendar,2,2,2,0,37,4,/netherlands/culture,culture,NEAR_ORPHAN,NO
https://www.expatcopilot.com/netherlands/culture/dutch-traditions,/netherlands/culture/dutch-traditions,3,3,3,0,38,3,/netherlands/culture,culture,LINKED,NO
https://www.expatcopilot.com/netherlands/culture/family-and-school-culture,/netherlands/culture/family-and-school-culture,5,5,5,0,38,4,/netherlands/culture,culture,LINKED,NO
https://www.expatcopilot.com/netherlands/culture/health-system-culture-basics,/netherlands/culture/health-system-culture-basics,7,7,7,0,39,3,/netherlands/culture,culture,LINKED,NO
https://www.expatcopilot.com/netherlands/culture/hierarchy-and-flatness,/netherlands/culture/hierarchy-and-flatness,1,1,1,0,38,4,/netherlands/culture,culture,NEAR_ORPHAN,NO
https://www.expatcopilot.com/netherlands/culture/invitations-and-planning,/netherlands/culture/invitations-and-planning,2,2,2,0,38,3,/netherlands/culture,culture,NEAR_ORPHAN,NO
https://www.expatcopilot.com/netherlands/culture/kings-day,/netherlands/culture/kings-day,2,2,2,0,38,3,/netherlands/culture,culture,NEAR_ORPHAN,NO
https://www.expatcopilot.com/netherlands/culture/learning-dutch,/netherlands/culture/learning-dutch,33,33,33,0,37,2,/netherlands/culture,culture,LINKED,NO
https://www.expatcopilot.com/netherlands/culture/meetings-and-consensus,/netherlands/culture/meetings-and-consensus,3,3,3,0,38,3,/netherlands/culture,culture,LINKED,NO
https://www.expatcopilot.com/netherlands/culture/national-holidays,/netherlands/culture/national-holidays,3,3,3,0,38,3,/netherlands/culture,culture,LINKED,NO
https://www.expatcopilot.com/netherlands/culture/practice-scenarios,/netherlands/culture/practice-scenarios,3,3,3,0,37,3,/netherlands/culture,culture,LINKED,NO
https://www.expatcopilot.com/netherlands/culture/sinterklaas,/netherlands/culture/sinterklaas,0,0,0,0,38,,/netherlands/culture,culture,ORPHAN,NO
https://www.expatcopilot.com/netherlands/culture/time-and-boundaries,/netherlands/culture/time-and-boundaries,1,1,1,0,38,4,/netherlands/culture,culture,NEAR_ORPHAN,NO
https://www.expatcopilot.com/netherlands/culture/what-feels-normal-in-dutch-daily-life,/netherlands/culture/what-feels-normal-in-dutch-daily-life,0,0,0,0,38,,/netherlands/culture,culture,ORPHAN,NO
https://www.expatcopilot.com/netherlands/culture/written-follow-ups,/netherlands/culture/written-follow-ups,2,2,2,0,38,3,/netherlands/culture,culture,NEAR_ORPHAN,NO
https://www.expatcopilot.com/netherlands/delft,/netherlands/delft,49,49,49,0,74,2,/netherlands/delft,other,LINKED,NO
https://www.expatcopilot.com/netherlands/digid-awareness,/netherlands/digid-awareness,24,24,24,0,43,2,/netherlands/digid-awareness,other,LINKED,NO
https://www.expatcopilot.com/netherlands/document-legalization-netherlands,/netherlands/document-legalization-netherlands,56,56,56,0,41,2,/netherlands/document-legalization-netherlands,other,LINKED,NO
https://www.expatcopilot.com/netherlands/document-readiness-checker,/netherlands/document-readiness-checker,88,88,88,0,49,2,/netherlands/document-readiness-checker,other,LINKED,NO
https://www.expatcopilot.com/netherlands/document-translation-netherlands,/netherlands/document-translation-netherlands,86,86,86,0,45,2,/netherlands/document-translation-netherlands,other,LINKED,NO
https://www.expatcopilot.com/netherlands/education,/netherlands/education,6,6,6,0,43,4,/netherlands/education,education,LINKED,NO
https://www.expatcopilot.com/netherlands/education/after-school-care-netherlands,/netherlands/education/after-school-care-netherlands,6,6,6,0,50,4,/netherlands/education,education,LINKED,NO
https://www.expatcopilot.com/netherlands/education/before-school-care-netherlands,/netherlands/education/before-school-care-netherlands,4,4,4,0,48,4,/netherlands/education,education,LINKED,NO
https://www.expatcopilot.com/netherlands/education/daycare-netherlands,/netherlands/education/daycare-netherlands,14,14,14,0,55,3,/netherlands/education,education,LINKED,NO
https://www.expatcopilot.com/netherlands/education/dutch-schools-netherlands,/netherlands/education/dutch-schools-netherlands,10,10,10,0,47,3,/netherlands/education,education,LINKED,NO
https://www.expatcopilot.com/netherlands/education/international-schools-netherlands,/netherlands/education/international-schools-netherlands,16,16,16,0,50,3,/netherlands/education,education,LINKED,NO
https://www.expatcopilot.com/netherlands/eindhoven,/netherlands/eindhoven,91,91,91,0,75,2,/netherlands/eindhoven,other,LINKED,NO
https://www.expatcopilot.com/netherlands/eu-vs-non-eu-moving-to-netherlands,/netherlands/eu-vs-non-eu-moving-to-netherlands,41,41,41,0,55,2,/netherlands/eu-vs-non-eu-moving-to-netherlands,other,LINKED,NO
https://www.expatcopilot.com/netherlands/family/child-benefits-netherlands,/netherlands/family/child-benefits-netherlands,12,12,12,0,48,3,/netherlands/family,other,LINKED,NO
https://www.expatcopilot.com/netherlands/family/family-activities-netherlands,/netherlands/family/family-activities-netherlands,14,14,14,0,46,3,/netherlands/family,other,LINKED,NO
https://www.expatcopilot.com/netherlands/family/giving-birth-netherlands,/netherlands/family/giving-birth-netherlands,6,6,6,0,45,4,/netherlands/family,other,LINKED,NO
https://www.expatcopilot.com/netherlands/family/healthcare-for-children-netherlands,/netherlands/family/healthcare-for-children-netherlands,22,22,22,0,52,3,/netherlands/family,other,LINKED,NO
https://www.expatcopilot.com/netherlands/family/parenting-netherlands,/netherlands/family/parenting-netherlands,8,8,8,0,51,4,/netherlands/family,other,LINKED,NO
https://www.expatcopilot.com/netherlands/family/pets-netherlands,/netherlands/family/pets-netherlands,2,2,2,0,44,3,/netherlands/family,other,NEAR_ORPHAN,NO
https://www.expatcopilot.com/netherlands/family/pregnancy-netherlands,/netherlands/family/pregnancy-netherlands,6,6,6,0,48,4,/netherlands/family,other,LINKED,NO
https://www.expatcopilot.com/netherlands/family/tools,/netherlands/family/tools,7,7,7,0,43,2,/netherlands/family,other,LINKED,NO
https://www.expatcopilot.com/netherlands/family/tools/childcare-cost-estimator,/netherlands/family/tools/childcare-cost-estimator,45,45,45,0,58,2,/netherlands/family,other,LINKED,NO
https://www.expatcopilot.com/netherlands/first-30-days-netherlands,/netherlands/first-30-days-netherlands,88,88,88,0,49,2,/netherlands/first-30-days-netherlands,other,LINKED,NO
https://www.expatcopilot.com/netherlands/first-60-days-netherlands,/netherlands/first-60-days-netherlands,32,32,32,0,49,2,/netherlands/first-60-days-netherlands,other,LINKED,NO
https://www.expatcopilot.com/netherlands/first-90-days-netherlands,/netherlands/first-90-days-netherlands,107,107,107,0,56,2,/netherlands/first-90-days-netherlands,other,LINKED,NO
https://www.expatcopilot.com/netherlands/government-services,/netherlands/government-services,446,446,446,0,35,1,/netherlands/government-services,other,LINKED,NO
https://www.expatcopilot.com/netherlands/groningen,/netherlands/groningen,44,44,44,0,73,2,/netherlands/groningen,other,LINKED,NO
https://www.expatcopilot.com/netherlands/haarlem,/netherlands/haarlem,60,60,60,0,76,2,/netherlands/haarlem,other,LINKED,NO
https://www.expatcopilot.com/netherlands/health,/netherlands/health,15,15,15,0,51,3,/netherlands/health,health,LINKED,NO
https://www.expatcopilot.com/netherlands/health-insurance-netherlands,/netherlands/health-insurance-netherlands,160,160,160,0,45,2,/netherlands/health-insurance-netherlands,health,LINKED,NO
https://www.expatcopilot.com/netherlands/health/dentists-netherlands,/netherlands/health/dentists-netherlands,9,9,9,0,42,3,/netherlands/health,health,LINKED,NO
https://www.expatcopilot.com/netherlands/health/emergency-healthcare-netherlands,/netherlands/health/emergency-healthcare-netherlands,16,16,16,0,42,3,/netherlands/health,health,LINKED,NO
https://www.expatcopilot.com/netherlands/health/gp-netherlands,/netherlands/health/gp-netherlands,17,17,17,0,45,2,/netherlands/health,health,LINKED,NO
https://www.expatcopilot.com/netherlands/health/health-insurance-comparison-netherlands,/netherlands/health/health-insurance-comparison-netherlands,12,12,12,0,45,2,/netherlands/health,health,LINKED,NO
https://www.expatcopilot.com/netherlands/health/hospitals-netherlands,/netherlands/health/hospitals-netherlands,16,16,16,0,43,3,/netherlands/health,health,LINKED,NO
https://www.expatcopilot.com/netherlands/health/maternity-care-netherlands,/netherlands/health/maternity-care-netherlands,11,11,11,0,46,3,/netherlands/health,health,LINKED,NO
https://www.expatcopilot.com/netherlands/health/mental-healthcare-netherlands,/netherlands/health/mental-healthcare-netherlands,10,10,10,0,43,3,/netherlands/health,health,LINKED,NO
https://www.expatcopilot.com/netherlands/health/pharmacies-netherlands,/netherlands/health/pharmacies-netherlands,14,14,14,0,43,3,/netherlands/health,health,LINKED,NO
https://www.expatcopilot.com/netherlands/health/physiotherapy-netherlands,/netherlands/health/physiotherapy-netherlands,9,9,9,0,45,3,/netherlands/health,health,LINKED,NO
https://www.expatcopilot.com/netherlands/health/prescriptions-netherlands,/netherlands/health/prescriptions-netherlands,8,8,8,0,43,3,/netherlands/health,health,LINKED,NO
https://www.expatcopilot.com/netherlands/health/tools,/netherlands/health/tools,3,3,3,0,40,2,/netherlands/health,health,LINKED,NO
https://www.expatcopilot.com/netherlands/housing,/netherlands/housing,446,446,446,0,55,1,/netherlands/housing,other,LINKED,NO
https://www.expatcopilot.com/netherlands/housing/buy-vs-rent-netherlands,/netherlands/housing/buy-vs-rent-netherlands,8,8,8,0,53,2,/netherlands/housing,other,LINKED,NO
https://www.expatcopilot.com/netherlands/housing/buying-a-house-netherlands,/netherlands/housing/buying-a-house-netherlands,14,14,14,0,56,2,/netherlands/housing,other,LINKED,NO
https://www.expatcopilot.com/netherlands/housing/housing-costs-netherlands,/netherlands/housing/housing-costs-netherlands,12,12,12,0,56,2,/netherlands/housing,other,LINKED,NO
https://www.expatcopilot.com/netherlands/housing/mortgages-netherlands-expats,/netherlands/housing/mortgages-netherlands-expats,12,12,12,0,58,2,/netherlands/housing,other,LINKED,NO
https://www.expatcopilot.com/netherlands/housing/rental-contracts-and-deposits-netherlands,/netherlands/housing/rental-contracts-and-deposits-netherlands,10,10,10,0,41,2,/netherlands/housing,other,LINKED,NO
https://www.expatcopilot.com/netherlands/housing/rental-scams-netherlands,/netherlands/housing/rental-scams-netherlands,3,3,3,0,36,2,/netherlands/housing,other,LINKED,NO
https://www.expatcopilot.com/netherlands/housing/tools,/netherlands/housing/tools,16,16,16,0,46,2,/netherlands/housing,other,LINKED,NO
https://www.expatcopilot.com/netherlands/housing/tools/rent-affordability-calculator,/netherlands/housing/tools/rent-affordability-calculator,44,44,44,0,59,2,/netherlands/housing,other,LINKED,NO
https://www.expatcopilot.com/netherlands/integration/inburgering,/netherlands/integration/inburgering,46,46,46,0,41,1,/netherlands/integration,other,LINKED,NO
https://www.expatcopilot.com/netherlands/integration/tools,/netherlands/integration/tools,5,5,5,0,39,2,/netherlands/integration,other,LINKED,NO
https://www.expatcopilot.com/netherlands/integration/tools/inburgering-exam-readiness-checker,/netherlands/integration/tools/inburgering-exam-readiness-checker,5,5,5,0,39,2,/netherlands/integration,other,LINKED,NO
https://www.expatcopilot.com/netherlands/integration/tools/integration-requirement-checker,/netherlands/integration/tools/integration-requirement-checker,5,5,5,0,39,2,/netherlands/integration,other,LINKED,NO
https://www.expatcopilot.com/netherlands/jobs/contractor-vs-employee-netherlands,/netherlands/jobs/contractor-vs-employee-netherlands,5,5,5,0,55,2,/netherlands/jobs,other,LINKED,NO
https://www.expatcopilot.com/netherlands/jobs/dutch-directness-at-work,/netherlands/jobs/dutch-directness-at-work,7,7,7,0,40,2,/netherlands/jobs,other,LINKED,NO
https://www.expatcopilot.com/netherlands/jobs/dutch-workplace-culture,/netherlands/jobs/dutch-workplace-culture,29,29,29,0,41,2,/netherlands/jobs,other,LINKED,NO
https://www.expatcopilot.com/netherlands/jobs/employee-benefits-netherlands,/netherlands/jobs/employee-benefits-netherlands,12,12,12,0,51,2,/netherlands/jobs,other,LINKED,NO
https://www.expatcopilot.com/netherlands/jobs/employee-rights-netherlands,/netherlands/jobs/employee-rights-netherlands,8,8,8,0,50,2,/netherlands/jobs,other,LINKED,NO
https://www.expatcopilot.com/netherlands/jobs/employment-contract-netherlands,/netherlands/jobs/employment-contract-netherlands,19,19,19,0,55,2,/netherlands/jobs,other,LINKED,NO
https://www.expatcopilot.com/netherlands/jobs/expat-salary-netherlands,/netherlands/jobs/expat-salary-netherlands,26,26,26,0,67,2,/netherlands/jobs,other,LINKED,NO
https://www.expatcopilot.com/netherlands/jobs/finding-jobs-netherlands,/netherlands/jobs/finding-jobs-netherlands,446,446,446,0,73,1,/netherlands/jobs,other,LINKED,NO
https://www.expatcopilot.com/netherlands/jobs/freelancing-netherlands,/netherlands/jobs/freelancing-netherlands,10,10,10,0,66,2,/netherlands/jobs,other,LINKED,NO
https://www.expatcopilot.com/netherlands/jobs/holiday-allowance-netherlands,/netherlands/jobs/holiday-allowance-netherlands,9,9,9,0,49,2,/netherlands/jobs,other,LINKED,NO
https://www.expatcopilot.com/netherlands/jobs/minimum-wage-netherlands,/netherlands/jobs/minimum-wage-netherlands,6,6,6,0,56,2,/netherlands/jobs,other,LINKED,NO
https://www.expatcopilot.com/netherlands/jobs/notice-period-netherlands,/netherlands/jobs/notice-period-netherlands,3,3,3,0,52,2,/netherlands/jobs,other,LINKED,NO
https://www.expatcopilot.com/netherlands/jobs/pension-netherlands-expats,/netherlands/jobs/pension-netherlands-expats,11,11,11,0,49,2,/netherlands/jobs,other,LINKED,NO
https://www.expatcopilot.com/netherlands/jobs/probation-period-netherlands,/netherlands/jobs/probation-period-netherlands,4,4,4,0,52,2,/netherlands/jobs,other,LINKED,NO
https://www.expatcopilot.com/netherlands/jobs/salary-negotiation-netherlands,/netherlands/jobs/salary-negotiation-netherlands,12,12,12,0,65,2,/netherlands/jobs,other,LINKED,NO
https://www.expatcopilot.com/netherlands/leaving,/netherlands/leaving,7,7,7,0,42,1,/netherlands/leaving,other,LINKED,NO
https://www.expatcopilot.com/netherlands/leaving/tools,/netherlands/leaving/tools,5,5,5,0,35,2,/netherlands/leaving,other,LINKED,NO
https://www.expatcopilot.com/netherlands/leaving/tools/exit-readiness-checker,/netherlands/leaving/tools/exit-readiness-checker,5,5,5,0,39,2,/netherlands/leaving,other,LINKED,NO
https://www.expatcopilot.com/netherlands/leaving/tools/repatriation-cost-calculator,/netherlands/leaving/tools/repatriation-cost-calculator,5,5,5,0,39,2,/netherlands/leaving,other,LINKED,NO
https://www.expatcopilot.com/netherlands/leiden,/netherlands/leiden,58,58,58,0,74,2,/netherlands/leiden,other,LINKED,NO
https://www.expatcopilot.com/netherlands/life,/netherlands/life,446,446,446,0,43,1,/netherlands/life,other,LINKED,NO
https://www.expatcopilot.com/netherlands/life/community-basics-netherlands,/netherlands/life/community-basics-netherlands,14,14,14,0,47,2,/netherlands/life,other,LINKED,NO
https://www.expatcopilot.com/netherlands/life/dating-in-the-netherlands,/netherlands/life/dating-in-the-netherlands,10,10,10,0,49,2,/netherlands/life,other,LINKED,NO
https://www.expatcopilot.com/netherlands/life/dutch-birthday-traditions,/netherlands/life/dutch-birthday-traditions,8,8,8,0,41,2,/netherlands/life,other,LINKED,NO
https://www.expatcopilot.com/netherlands/life/dutch-culture,/netherlands/life/dutch-culture,29,29,29,0,46,2,/netherlands/life,other,LINKED,NO
https://www.expatcopilot.com/netherlands/life/dutch-etiquette,/netherlands/life/dutch-etiquette,29,29,29,0,45,2,/netherlands/life,other,LINKED,NO
https://www.expatcopilot.com/netherlands/life/dutch-holidays-and-traditions,/netherlands/life/dutch-holidays-and-traditions,7,7,7,0,45,2,/netherlands/life,other,LINKED,NO
https://www.expatcopilot.com/netherlands/life/dutch-humour,/netherlands/life/dutch-humour,6,6,6,0,45,2,/netherlands/life,other,LINKED,NO
https://www.expatcopilot.com/netherlands/life/dutch-social-norms,/netherlands/life/dutch-social-norms,15,15,15,0,45,2,/netherlands/life,other,LINKED,NO
https://www.expatcopilot.com/netherlands/life/expat-loneliness-netherlands,/netherlands/life/expat-loneliness-netherlands,4,4,4,0,40,3,/netherlands/life,other,LINKED,NO
https://www.expatcopilot.com/netherlands/life/making-dutch-friends,/netherlands/life/making-dutch-friends,7,7,7,0,52,2,/netherlands/life,other,LINKED,NO
https://www.expatcopilot.com/netherlands/living/apps,/netherlands/living/apps,23,23,23,0,46,2,/netherlands/living,living,LINKED,NO
https://www.expatcopilot.com/netherlands/living/buying-a-car-netherlands,/netherlands/living/buying-a-car-netherlands,14,14,14,0,45,2,/netherlands/living,living,LINKED,NO
https://www.expatcopilot.com/netherlands/living/car-insurance-netherlands,/netherlands/living/car-insurance-netherlands,10,10,10,0,44,2,/netherlands/living,living,LINKED,NO
https://www.expatcopilot.com/netherlands/living/car-sharing-netherlands,/netherlands/living/car-sharing-netherlands,14,14,14,0,47,2,/netherlands/living,living,LINKED,NO
https://www.expatcopilot.com/netherlands/living/daily-life,/netherlands/living/daily-life,28,28,28,0,46,2,/netherlands/living,living,LINKED,NO
https://www.expatcopilot.com/netherlands/living/driving-licence-exchange-netherlands,/netherlands/living/driving-licence-exchange-netherlands,12,12,12,0,45,2,/netherlands/living,living,LINKED,NO
https://www.expatcopilot.com/netherlands/living/electric-vehicles-netherlands,/netherlands/living/electric-vehicles-netherlands,10,10,10,0,45,2,/netherlands/living,living,LINKED,NO
https://www.expatcopilot.com/netherlands/living/emergencies-safety,/netherlands/living/emergencies-safety,19,19,19,0,43,2,/netherlands/living,living,LINKED,NO
https://www.expatcopilot.com/netherlands/living/getting-around,/netherlands/living/getting-around,446,446,446,0,66,1,/netherlands/living,living,LINKED,NO
https://www.expatcopilot.com/netherlands/living/government-portals-overview,/netherlands/living/government-portals-overview,0,0,0,0,36,,/netherlands/living,living,ORPHAN,NO
https://www.expatcopilot.com/netherlands/living/healthcare-basics,/netherlands/living/healthcare-basics,446,446,446,0,45,1,/netherlands/living,living,LINKED,NO
https://www.expatcopilot.com/netherlands/living/language,/netherlands/living/language,30,30,30,0,45,2,/netherlands/living,living,LINKED,NO
https://www.expatcopilot.com/netherlands/living/lease-cars-netherlands,/netherlands/living/lease-cars-netherlands,15,15,15,0,48,1,/netherlands/living,living,LINKED,NO
https://www.expatcopilot.com/netherlands/living/mot-apk-netherlands,/netherlands/living/mot-apk-netherlands,10,10,10,0,45,2,/netherlands/living,living,LINKED,NO
https://www.expatcopilot.com/netherlands/living/ns-trains-netherlands,/netherlands/living/ns-trains-netherlands,7,7,7,0,46,1,/netherlands/living,living,LINKED,NO
https://www.expatcopilot.com/netherlands/living/ov-chipkaart-netherlands,/netherlands/living/ov-chipkaart-netherlands,11,11,11,0,47,1,/netherlands/living,living,LINKED,NO
https://www.expatcopilot.com/netherlands/living/ovpay-netherlands,/netherlands/living/ovpay-netherlands,7,7,7,0,47,1,/netherlands/living,living,LINKED,NO
https://www.expatcopilot.com/netherlands/living/payments,/netherlands/living/payments,11,11,11,0,39,2,/netherlands/living,living,LINKED,NO
https://www.expatcopilot.com/netherlands/living/rental-market,/netherlands/living/rental-market,3,3,3,0,36,2,/netherlands/living,living,LINKED,NO
https://www.expatcopilot.com/netherlands/living/road-tax-netherlands,/netherlands/living/road-tax-netherlands,10,10,10,0,46,2,/netherlands/living,living,LINKED,NO
https://www.expatcopilot.com/netherlands/living/shopping-groceries,/netherlands/living/shopping-groceries,15,15,15,0,56,2,/netherlands/living,living,LINKED,NO
https://www.expatcopilot.com/netherlands/living/speed-cameras-netherlands,/netherlands/living/speed-cameras-netherlands,10,10,10,0,45,2,/netherlands/living,living,LINKED,NO
https://www.expatcopilot.com/netherlands/living/survival-guide,/netherlands/living/survival-guide,446,446,446,0,67,1,/netherlands/living,living,LINKED,NO
https://www.expatcopilot.com/netherlands/living/tools/utilities-services-comparison,/netherlands/living/tools/utilities-services-comparison,23,23,23,0,47,1,/netherlands/living,living,LINKED,NO
https://www.expatcopilot.com/netherlands/living/weather,/netherlands/living/weather,10,10,10,0,41,2,/netherlands/living,living,LINKED,NO
https://www.expatcopilot.com/netherlands/maastricht,/netherlands/maastricht,35,35,35,0,73,2,/netherlands/maastricht,other,LINKED,NO
https://www.expatcopilot.com/netherlands/money,/netherlands/money,15,15,15,0,46,2,/netherlands/money,other,LINKED,NO
https://www.expatcopilot.com/netherlands/money/banking,/netherlands/money/banking,28,28,28,0,54,2,/netherlands/money,other,LINKED,NO
https://www.expatcopilot.com/netherlands/money/banking/account-rejection,/netherlands/money/banking/account-rejection,19,19,19,0,51,2,/netherlands/money,other,LINKED,NO
https://www.expatcopilot.com/netherlands/money/banking/best-bank-zzp,/netherlands/money/banking/best-bank-zzp,7,7,7,0,44,3,/netherlands/money,other,LINKED,NO
https://www.expatcopilot.com/netherlands/money/banking/best-banks-expats,/netherlands/money/banking/best-banks-expats,22,22,22,0,49,2,/netherlands/money,other,LINKED,NO
https://www.expatcopilot.com/netherlands/money/banking/cash-vs-card,/netherlands/money/banking/cash-vs-card,11,11,11,0,45,3,/netherlands/money,other,LINKED,NO
https://www.expatcopilot.com/netherlands/money/banking/cheapest-accounts,/netherlands/money/banking/cheapest-accounts,13,13,13,0,46,2,/netherlands/money,other,LINKED,NO
https://www.expatcopilot.com/netherlands/money/banking/credit-cards,/netherlands/money/banking/credit-cards,11,11,11,0,48,2,/netherlands/money,other,LINKED,NO
https://www.expatcopilot.com/netherlands/money/banking/debit-cards,/netherlands/money/banking/debit-cards,12,12,12,0,47,2,/netherlands/money,other,LINKED,NO
https://www.expatcopilot.com/netherlands/money/banking/fees,/netherlands/money/banking/fees,24,24,24,0,51,2,/netherlands/money,other,LINKED,NO
https://www.expatcopilot.com/netherlands/money/banking/how-payments-work,/netherlands/money/banking/how-payments-work,25,25,25,0,51,2,/netherlands/money,other,LINKED,NO
https://www.expatcopilot.com/netherlands/money/banking/international-transfers,/netherlands/money/banking/international-transfers,15,15,15,0,46,3,/netherlands/money,other,LINKED,NO
https://www.expatcopilot.com/netherlands/money/banking/joint-accounts,/netherlands/money/banking/joint-accounts,3,3,3,0,53,3,/netherlands/money,other,LINKED,NO
https://www.expatcopilot.com/netherlands/money/banking/security,/netherlands/money/banking/security,22,22,22,0,47,2,/netherlands/money,other,LINKED,NO
https://www.expatcopilot.com/netherlands/money/banking/student-accounts,/netherlands/money/banking/student-accounts,3,3,3,0,54,3,/netherlands/money,other,LINKED,NO
https://www.expatcopilot.com/netherlands/money/banking/traditional-vs-digital,/netherlands/money/banking/traditional-vs-digital,19,19,19,0,49,3,/netherlands/money,other,LINKED,NO
https://www.expatcopilot.com/netherlands/money/banking/types-of-accounts,/netherlands/money/banking/types-of-accounts,18,18,18,0,46,2,/netherlands/money,other,LINKED,NO
https://www.expatcopilot.com/netherlands/money/banking/wise-vs-revolut,/netherlands/money/banking/wise-vs-revolut,12,12,12,0,45,3,/netherlands/money,other,LINKED,NO
https://www.expatcopilot.com/netherlands/money/cost-of-living-netherlands,/netherlands/money/cost-of-living-netherlands,43,43,43,0,61,1,/netherlands/money,other,LINKED,NO
https://www.expatcopilot.com/netherlands/money/expat-taxes-netherlands,/netherlands/money/expat-taxes-netherlands,21,21,21,0,52,2,/netherlands/money,other,LINKED,NO
https://www.expatcopilot.com/netherlands/money/financial-checklist-netherlands,/netherlands/money/financial-checklist-netherlands,2,2,2,0,44,2,/netherlands/money,other,NEAR_ORPHAN,NO
https://www.expatcopilot.com/netherlands/money/hidden-costs-netherlands,/netherlands/money/hidden-costs-netherlands,3,3,3,0,46,2,/netherlands/money,other,LINKED,NO
https://www.expatcopilot.com/netherlands/money/how-taxes-work-in-the-netherlands,/netherlands/money/how-taxes-work-in-the-netherlands,34,34,34,0,54,2,/netherlands/money,other,LINKED,NO
https://www.expatcopilot.com/netherlands/money/monthly-budget-netherlands,/netherlands/money/monthly-budget-netherlands,4,4,4,0,44,2,/netherlands/money,other,LINKED,NO
https://www.expatcopilot.com/netherlands/money/saving-money-netherlands,/netherlands/money/saving-money-netherlands,4,4,4,0,44,2,/netherlands/money,other,LINKED,NO
https://www.expatcopilot.com/netherlands/money/tax-guide-for-expats,/netherlands/money/tax-guide-for-expats,26,26,26,0,56,2,/netherlands/money,other,LINKED,NO
https://www.expatcopilot.com/netherlands/money/tax-residency-netherlands,/netherlands/money/tax-residency-netherlands,23,23,23,0,60,2,/netherlands/money,other,LINKED,NO
https://www.expatcopilot.com/netherlands/money/tax-return-netherlands,/netherlands/money/tax-return-netherlands,19,19,19,0,52,2,/netherlands/money,other,LINKED,NO
https://www.expatcopilot.com/netherlands/money/taxes/tax-advisors,/netherlands/money/taxes/tax-advisors,15,15,15,0,52,3,/netherlands/money,other,LINKED,NO
https://www.expatcopilot.com/netherlands/money/tools,/netherlands/money/tools,25,25,25,0,53,2,/netherlands/money,other,LINKED,NO
https://www.expatcopilot.com/netherlands/money/tools/cost-of-living-calculator,/netherlands/money/tools/cost-of-living-calculator,120,120,120,0,64,2,/netherlands/money,other,LINKED,NO
https://www.expatcopilot.com/netherlands/move-to-netherlands-without-job,/netherlands/move-to-netherlands-without-job,14,14,14,0,47,2,/netherlands/move-to-netherlands-without-job,other,LINKED,NO
https://www.expatcopilot.com/netherlands/moving-checklist-netherlands,/netherlands/moving-checklist-netherlands,32,32,32,0,51,2,/netherlands/moving-checklist-netherlands,other,LINKED,NO
https://www.expatcopilot.com/netherlands/moving-mistakes-netherlands,/netherlands/moving-mistakes-netherlands,2,2,2,0,42,2,/netherlands/moving-mistakes-netherlands,other,NEAR_ORPHAN,NO
https://www.expatcopilot.com/netherlands/moving-requirements-netherlands,/netherlands/moving-requirements-netherlands,5,5,5,0,46,2,/netherlands/moving-requirements-netherlands,other,LINKED,NO
https://www.expatcopilot.com/netherlands/moving-to-netherlands-cost,/netherlands/moving-to-netherlands-cost,50,50,50,0,49,2,/netherlands/moving-to-netherlands-cost,other,LINKED,NO
https://www.expatcopilot.com/netherlands/moving-to-netherlands-from,/netherlands/moving-to-netherlands-from,54,54,54,0,72,2,/netherlands/moving-to-netherlands-from,other,LINKED,NO
https://www.expatcopilot.com/netherlands/moving-to-netherlands-steps,/netherlands/moving-to-netherlands-steps,4,4,4,0,45,2,/netherlands/moving-to-netherlands-steps,other,LINKED,NO
https://www.expatcopilot.com/netherlands/moving-to-netherlands-timeline,/netherlands/moving-to-netherlands-timeline,13,13,13,0,50,2,/netherlands/moving-to-netherlands-timeline,other,LINKED,NO
https://www.expatcopilot.com/netherlands/moving-to-netherlands-with-family,/netherlands/moving-to-netherlands-with-family,27,27,27,0,45,2,/netherlands/moving-to-netherlands-with-family,other,LINKED,NO
https://www.expatcopilot.com/netherlands/moving-to-netherlands-with-kids,/netherlands/moving-to-netherlands-with-kids,23,23,23,0,51,2,/netherlands/moving-to-netherlands-with-kids,other,LINKED,NO
https://www.expatcopilot.com/netherlands/moving-to-netherlands-with-partner,/netherlands/moving-to-netherlands-with-partner,7,7,7,0,46,2,/netherlands/moving-to-netherlands-with-partner,other,LINKED,NO
https://www.expatcopilot.com/netherlands/moving-to-the-netherlands,/netherlands/moving-to-the-netherlands,446,446,0,446,49,1,/netherlands/moving-to-the-netherlands,other,LINKED,NO
https://www.expatcopilot.com/netherlands/moving/changing-jobs-netherlands,/netherlands/moving/changing-jobs-netherlands,11,11,11,0,77,2,/netherlands/moving,other,LINKED,NO
https://www.expatcopilot.com/netherlands/moving/extensions-changes,/netherlands/moving/extensions-changes,20,20,20,0,73,2,/netherlands/moving,other,LINKED,NO
https://www.expatcopilot.com/netherlands/moving/layoffs-netherlands,/netherlands/moving/layoffs-netherlands,12,12,12,0,77,2,/netherlands/moving,other,LINKED,NO
https://www.expatcopilot.com/netherlands/moving/moving-to-netherlands-from/argentina,/netherlands/moving/moving-to-netherlands-from/argentina,6,6,6,0,75,2,/netherlands/moving,origin_guide,LINKED,NO
https://www.expatcopilot.com/netherlands/moving/moving-to-netherlands-from/australia,/netherlands/moving/moving-to-netherlands-from/australia,6,6,6,0,74,2,/netherlands/moving,origin_guide,LINKED,NO
https://www.expatcopilot.com/netherlands/moving/moving-to-netherlands-from/brazil,/netherlands/moving/moving-to-netherlands-from/brazil,6,6,6,0,74,2,/netherlands/moving,origin_guide,LINKED,NO
https://www.expatcopilot.com/netherlands/moving/moving-to-netherlands-from/canada,/netherlands/moving/moving-to-netherlands-from/canada,6,6,6,0,74,2,/netherlands/moving,origin_guide,LINKED,NO
https://www.expatcopilot.com/netherlands/moving/moving-to-netherlands-from/chile,/netherlands/moving/moving-to-netherlands-from/chile,6,6,6,0,75,2,/netherlands/moving,origin_guide,LINKED,NO
https://www.expatcopilot.com/netherlands/moving/moving-to-netherlands-from/denmark,/netherlands/moving/moving-to-netherlands-from/denmark,7,7,7,0,73,1,/netherlands/moving,origin_guide,LINKED,NO
https://www.expatcopilot.com/netherlands/moving/moving-to-netherlands-from/france,/netherlands/moving/moving-to-netherlands-from/france,7,7,7,0,73,1,/netherlands/moving,origin_guide,LINKED,NO
https://www.expatcopilot.com/netherlands/moving/moving-to-netherlands-from/germany,/netherlands/moving/moving-to-netherlands-from/germany,7,7,7,0,73,1,/netherlands/moving,origin_guide,LINKED,NO
https://www.expatcopilot.com/netherlands/moving/moving-to-netherlands-from/india,/netherlands/moving/moving-to-netherlands-from/india,15,15,15,0,56,1,/netherlands/moving,origin_guide,LINKED,NO
https://www.expatcopilot.com/netherlands/moving/moving-to-netherlands-from/indonesia,/netherlands/moving/moving-to-netherlands-from/indonesia,6,6,6,0,76,2,/netherlands/moving,origin_guide,LINKED,NO
https://www.expatcopilot.com/netherlands/moving/moving-to-netherlands-from/ireland,/netherlands/moving/moving-to-netherlands-from/ireland,6,6,6,0,72,2,/netherlands/moving,origin_guide,LINKED,NO
https://www.expatcopilot.com/netherlands/moving/moving-to-netherlands-from/italy,/netherlands/moving/moving-to-netherlands-from/italy,7,7,7,0,73,1,/netherlands/moving,origin_guide,LINKED,NO
https://www.expatcopilot.com/netherlands/moving/moving-to-netherlands-from/japan,/netherlands/moving/moving-to-netherlands-from/japan,6,6,6,0,75,2,/netherlands/moving,origin_guide,LINKED,NO
https://www.expatcopilot.com/netherlands/moving/moving-to-netherlands-from/kenya,/netherlands/moving/moving-to-netherlands-from/kenya,6,6,6,0,76,2,/netherlands/moving,origin_guide,LINKED,NO
https://www.expatcopilot.com/netherlands/moving/moving-to-netherlands-from/mexico,/netherlands/moving/moving-to-netherlands-from/mexico,6,6,6,0,74,2,/netherlands/moving,origin_guide,LINKED,NO
https://www.expatcopilot.com/netherlands/moving/moving-to-netherlands-from/new-zealand,/netherlands/moving/moving-to-netherlands-from/new-zealand,6,6,6,0,74,2,/netherlands/moving,origin_guide,LINKED,NO
https://www.expatcopilot.com/netherlands/moving/moving-to-netherlands-from/nigeria,/netherlands/moving/moving-to-netherlands-from/nigeria,2,2,2,0,72,2,/netherlands/moving,origin_guide,NEAR_ORPHAN,NO
https://www.expatcopilot.com/netherlands/moving/moving-to-netherlands-from/norway,/netherlands/moving/moving-to-netherlands-from/norway,7,7,7,0,74,1,/netherlands/moving,origin_guide,LINKED,NO
https://www.expatcopilot.com/netherlands/moving/moving-to-netherlands-from/pakistan,/netherlands/moving/moving-to-netherlands-from/pakistan,6,6,6,0,76,2,/netherlands/moving,origin_guide,LINKED,NO
https://www.expatcopilot.com/netherlands/moving/moving-to-netherlands-from/philippines,/netherlands/moving/moving-to-netherlands-from/philippines,2,2,2,0,73,2,/netherlands/moving,origin_guide,NEAR_ORPHAN,NO
https://www.expatcopilot.com/netherlands/moving/moving-to-netherlands-from/singapore,/netherlands/moving/moving-to-netherlands-from/singapore,6,6,6,0,75,2,/netherlands/moving,origin_guide,LINKED,NO
https://www.expatcopilot.com/netherlands/moving/moving-to-netherlands-from/south-africa,/netherlands/moving/moving-to-netherlands-from/south-africa,15,15,15,0,56,1,/netherlands/moving,origin_guide,LINKED,NO
https://www.expatcopilot.com/netherlands/moving/moving-to-netherlands-from/south-korea,/netherlands/moving/moving-to-netherlands-from/south-korea,6,6,6,0,75,2,/netherlands/moving,origin_guide,LINKED,NO
https://www.expatcopilot.com/netherlands/moving/moving-to-netherlands-from/spain,/netherlands/moving/moving-to-netherlands-from/spain,7,7,7,0,73,1,/netherlands/moving,origin_guide,LINKED,NO
https://www.expatcopilot.com/netherlands/moving/moving-to-netherlands-from/sweden,/netherlands/moving/moving-to-netherlands-from/sweden,7,7,7,0,73,1,/netherlands/moving,origin_guide,LINKED,NO
https://www.expatcopilot.com/netherlands/moving/moving-to-netherlands-from/switzerland,/netherlands/moving/moving-to-netherlands-from/switzerland,7,7,7,0,73,1,/netherlands/moving,origin_guide,LINKED,NO
https://www.expatcopilot.com/netherlands/moving/moving-to-netherlands-from/turkey,/netherlands/moving/moving-to-netherlands-from/turkey,6,6,6,0,75,2,/netherlands/moving,origin_guide,LINKED,NO
https://www.expatcopilot.com/netherlands/moving/moving-to-netherlands-from/uae,/netherlands/moving/moving-to-netherlands-from/uae,6,6,6,0,74,2,/netherlands/moving,origin_guide,LINKED,NO
https://www.expatcopilot.com/netherlands/moving/moving-to-netherlands-from/united-kingdom,/netherlands/moving/moving-to-netherlands-from/united-kingdom,13,13,13,0,56,1,/netherlands/moving,origin_guide,LINKED,NO
https://www.expatcopilot.com/netherlands/moving/moving-to-netherlands-from/united-states,/netherlands/moving/moving-to-netherlands-from/united-states,14,14,14,0,57,1,/netherlands/moving,origin_guide,LINKED,NO
https://www.expatcopilot.com/netherlands/moving/residence-permits,/netherlands/moving/residence-permits,26,26,26,0,75,2,/netherlands/moving,other,LINKED,NO
https://www.expatcopilot.com/netherlands/moving/resigning-job-netherlands,/netherlands/moving/resigning-job-netherlands,11,11,11,0,69,2,/netherlands/moving,other,LINKED,NO
https://www.expatcopilot.com/netherlands/moving/status-changes,/netherlands/moving/status-changes,11,11,11,0,71,2,/netherlands/moving,other,LINKED,NO
https://www.expatcopilot.com/netherlands/moving/tools,/netherlands/moving/tools,13,13,13,0,50,2,/netherlands/moving,other,LINKED,NO
https://www.expatcopilot.com/netherlands/moving/tools/arrival-planner,/netherlands/moving/tools/arrival-planner,103,103,103,0,67,1,/netherlands/moving,other,LINKED,NO
https://www.expatcopilot.com/netherlands/moving/tools/arrival-planner/from/argentina,/netherlands/moving/tools/arrival-planner/from/argentina,5,5,5,0,43,2,/netherlands/moving,country_tool,LINKED,YES
https://www.expatcopilot.com/netherlands/moving/tools/arrival-planner/from/australia,/netherlands/moving/tools/arrival-planner/from/australia,5,5,5,0,43,2,/netherlands/moving,country_tool,LINKED,YES
https://www.expatcopilot.com/netherlands/moving/tools/arrival-planner/from/brazil,/netherlands/moving/tools/arrival-planner/from/brazil,5,5,5,0,43,2,/netherlands/moving,country_tool,LINKED,YES
https://www.expatcopilot.com/netherlands/moving/tools/arrival-planner/from/canada,/netherlands/moving/tools/arrival-planner/from/canada,5,5,5,0,43,2,/netherlands/moving,country_tool,LINKED,YES
https://www.expatcopilot.com/netherlands/moving/tools/arrival-planner/from/chile,/netherlands/moving/tools/arrival-planner/from/chile,5,5,5,0,43,2,/netherlands/moving,country_tool,LINKED,YES
https://www.expatcopilot.com/netherlands/moving/tools/arrival-planner/from/denmark,/netherlands/moving/tools/arrival-planner/from/denmark,5,5,5,0,43,2,/netherlands/moving,country_tool,LINKED,YES
https://www.expatcopilot.com/netherlands/moving/tools/arrival-planner/from/france,/netherlands/moving/tools/arrival-planner/from/france,5,5,5,0,43,2,/netherlands/moving,country_tool,LINKED,YES
https://www.expatcopilot.com/netherlands/moving/tools/arrival-planner/from/germany,/netherlands/moving/tools/arrival-planner/from/germany,5,5,5,0,43,2,/netherlands/moving,country_tool,LINKED,YES
https://www.expatcopilot.com/netherlands/moving/tools/arrival-planner/from/india,/netherlands/moving/tools/arrival-planner/from/india,5,5,5,0,43,2,/netherlands/moving,country_tool,LINKED,YES
https://www.expatcopilot.com/netherlands/moving/tools/arrival-planner/from/indonesia,/netherlands/moving/tools/arrival-planner/from/indonesia,5,5,5,0,43,2,/netherlands/moving,country_tool,LINKED,YES
https://www.expatcopilot.com/netherlands/moving/tools/arrival-planner/from/ireland,/netherlands/moving/tools/arrival-planner/from/ireland,5,5,5,0,43,2,/netherlands/moving,country_tool,LINKED,YES
https://www.expatcopilot.com/netherlands/moving/tools/arrival-planner/from/italy,/netherlands/moving/tools/arrival-planner/from/italy,5,5,5,0,43,2,/netherlands/moving,country_tool,LINKED,YES
https://www.expatcopilot.com/netherlands/moving/tools/arrival-planner/from/japan,/netherlands/moving/tools/arrival-planner/from/japan,5,5,5,0,43,2,/netherlands/moving,country_tool,LINKED,YES
https://www.expatcopilot.com/netherlands/moving/tools/arrival-planner/from/kenya,/netherlands/moving/tools/arrival-planner/from/kenya,5,5,5,0,43,2,/netherlands/moving,country_tool,LINKED,YES
https://www.expatcopilot.com/netherlands/moving/tools/arrival-planner/from/mexico,/netherlands/moving/tools/arrival-planner/from/mexico,5,5,5,0,43,2,/netherlands/moving,country_tool,LINKED,YES
https://www.expatcopilot.com/netherlands/moving/tools/arrival-planner/from/new-zealand,/netherlands/moving/tools/arrival-planner/from/new-zealand,5,5,5,0,43,2,/netherlands/moving,country_tool,LINKED,YES
https://www.expatcopilot.com/netherlands/moving/tools/arrival-planner/from/norway,/netherlands/moving/tools/arrival-planner/from/norway,5,5,5,0,43,2,/netherlands/moving,country_tool,LINKED,YES
https://www.expatcopilot.com/netherlands/moving/tools/arrival-planner/from/pakistan,/netherlands/moving/tools/arrival-planner/from/pakistan,5,5,5,0,43,2,/netherlands/moving,country_tool,LINKED,YES
https://www.expatcopilot.com/netherlands/moving/tools/arrival-planner/from/singapore,/netherlands/moving/tools/arrival-planner/from/singapore,5,5,5,0,43,2,/netherlands/moving,country_tool,LINKED,YES
https://www.expatcopilot.com/netherlands/moving/tools/arrival-planner/from/south-africa,/netherlands/moving/tools/arrival-planner/from/south-africa,5,5,5,0,43,2,/netherlands/moving,country_tool,LINKED,YES
https://www.expatcopilot.com/netherlands/moving/tools/arrival-planner/from/south-korea,/netherlands/moving/tools/arrival-planner/from/south-korea,5,5,5,0,43,2,/netherlands/moving,country_tool,LINKED,YES
https://www.expatcopilot.com/netherlands/moving/tools/arrival-planner/from/spain,/netherlands/moving/tools/arrival-planner/from/spain,5,5,5,0,43,2,/netherlands/moving,country_tool,LINKED,YES
https://www.expatcopilot.com/netherlands/moving/tools/arrival-planner/from/sweden,/netherlands/moving/tools/arrival-planner/from/sweden,5,5,5,0,43,2,/netherlands/moving,country_tool,LINKED,YES
https://www.expatcopilot.com/netherlands/moving/tools/arrival-planner/from/switzerland,/netherlands/moving/tools/arrival-planner/from/switzerland,5,5,5,0,43,2,/netherlands/moving,country_tool,LINKED,YES
https://www.expatcopilot.com/netherlands/moving/tools/arrival-planner/from/turkey,/netherlands/moving/tools/arrival-planner/from/turkey,5,5,5,0,43,2,/netherlands/moving,country_tool,LINKED,YES
https://www.expatcopilot.com/netherlands/moving/tools/arrival-planner/from/uae,/netherlands/moving/tools/arrival-planner/from/uae,5,5,5,0,43,2,/netherlands/moving,country_tool,LINKED,YES
https://www.expatcopilot.com/netherlands/moving/tools/arrival-planner/from/united-kingdom,/netherlands/moving/tools/arrival-planner/from/united-kingdom,5,5,5,0,43,2,/netherlands/moving,country_tool,LINKED,YES
https://www.expatcopilot.com/netherlands/moving/tools/arrival-planner/from/united-states,/netherlands/moving/tools/arrival-planner/from/united-states,5,5,5,0,43,2,/netherlands/moving,country_tool,LINKED,YES
https://www.expatcopilot.com/netherlands/moving/tools/document-readiness/from/argentina,/netherlands/moving/tools/document-readiness/from/argentina,4,4,4,0,45,3,/netherlands/moving,country_tool,LINKED,YES
https://www.expatcopilot.com/netherlands/moving/tools/document-readiness/from/australia,/netherlands/moving/tools/document-readiness/from/australia,4,4,4,0,45,3,/netherlands/moving,country_tool,LINKED,YES
https://www.expatcopilot.com/netherlands/moving/tools/document-readiness/from/brazil,/netherlands/moving/tools/document-readiness/from/brazil,4,4,4,0,45,3,/netherlands/moving,country_tool,LINKED,YES
https://www.expatcopilot.com/netherlands/moving/tools/document-readiness/from/canada,/netherlands/moving/tools/document-readiness/from/canada,4,4,4,0,45,3,/netherlands/moving,country_tool,LINKED,YES
https://www.expatcopilot.com/netherlands/moving/tools/document-readiness/from/chile,/netherlands/moving/tools/document-readiness/from/chile,4,4,4,0,45,3,/netherlands/moving,country_tool,LINKED,YES
https://www.expatcopilot.com/netherlands/moving/tools/document-readiness/from/denmark,/netherlands/moving/tools/document-readiness/from/denmark,4,4,4,0,45,2,/netherlands/moving,country_tool,LINKED,YES
https://www.expatcopilot.com/netherlands/moving/tools/document-readiness/from/france,/netherlands/moving/tools/document-readiness/from/france,4,4,4,0,45,2,/netherlands/moving,country_tool,LINKED,YES
https://www.expatcopilot.com/netherlands/moving/tools/document-readiness/from/germany,/netherlands/moving/tools/document-readiness/from/germany,4,4,4,0,45,2,/netherlands/moving,country_tool,LINKED,YES
https://www.expatcopilot.com/netherlands/moving/tools/document-readiness/from/india,/netherlands/moving/tools/document-readiness/from/india,4,4,4,0,45,2,/netherlands/moving,country_tool,LINKED,YES
https://www.expatcopilot.com/netherlands/moving/tools/document-readiness/from/indonesia,/netherlands/moving/tools/document-readiness/from/indonesia,4,4,4,0,45,3,/netherlands/moving,country_tool,LINKED,YES
https://www.expatcopilot.com/netherlands/moving/tools/document-readiness/from/ireland,/netherlands/moving/tools/document-readiness/from/ireland,4,4,4,0,45,3,/netherlands/moving,country_tool,LINKED,YES
https://www.expatcopilot.com/netherlands/moving/tools/document-readiness/from/italy,/netherlands/moving/tools/document-readiness/from/italy,4,4,4,0,45,2,/netherlands/moving,country_tool,LINKED,YES
https://www.expatcopilot.com/netherlands/moving/tools/document-readiness/from/japan,/netherlands/moving/tools/document-readiness/from/japan,4,4,4,0,45,3,/netherlands/moving,country_tool,LINKED,YES
https://www.expatcopilot.com/netherlands/moving/tools/document-readiness/from/kenya,/netherlands/moving/tools/document-readiness/from/kenya,4,4,4,0,45,3,/netherlands/moving,country_tool,LINKED,YES
https://www.expatcopilot.com/netherlands/moving/tools/document-readiness/from/mexico,/netherlands/moving/tools/document-readiness/from/mexico,4,4,4,0,45,3,/netherlands/moving,country_tool,LINKED,YES
https://www.expatcopilot.com/netherlands/moving/tools/document-readiness/from/new-zealand,/netherlands/moving/tools/document-readiness/from/new-zealand,4,4,4,0,45,3,/netherlands/moving,country_tool,LINKED,YES
https://www.expatcopilot.com/netherlands/moving/tools/document-readiness/from/norway,/netherlands/moving/tools/document-readiness/from/norway,4,4,4,0,45,2,/netherlands/moving,country_tool,LINKED,YES
https://www.expatcopilot.com/netherlands/moving/tools/document-readiness/from/pakistan,/netherlands/moving/tools/document-readiness/from/pakistan,4,4,4,0,45,3,/netherlands/moving,country_tool,LINKED,YES
https://www.expatcopilot.com/netherlands/moving/tools/document-readiness/from/singapore,/netherlands/moving/tools/document-readiness/from/singapore,4,4,4,0,45,3,/netherlands/moving,country_tool,LINKED,YES
https://www.expatcopilot.com/netherlands/moving/tools/document-readiness/from/south-africa,/netherlands/moving/tools/document-readiness/from/south-africa,4,4,4,0,45,2,/netherlands/moving,country_tool,LINKED,YES
https://www.expatcopilot.com/netherlands/moving/tools/document-readiness/from/south-korea,/netherlands/moving/tools/document-readiness/from/south-korea,4,4,4,0,45,3,/netherlands/moving,country_tool,LINKED,YES
https://www.expatcopilot.com/netherlands/moving/tools/document-readiness/from/spain,/netherlands/moving/tools/document-readiness/from/spain,4,4,4,0,45,2,/netherlands/moving,country_tool,LINKED,YES
https://www.expatcopilot.com/netherlands/moving/tools/document-readiness/from/sweden,/netherlands/moving/tools/document-readiness/from/sweden,4,4,4,0,45,2,/netherlands/moving,country_tool,LINKED,YES
https://www.expatcopilot.com/netherlands/moving/tools/document-readiness/from/switzerland,/netherlands/moving/tools/document-readiness/from/switzerland,4,4,4,0,45,2,/netherlands/moving,country_tool,LINKED,YES
https://www.expatcopilot.com/netherlands/moving/tools/document-readiness/from/turkey,/netherlands/moving/tools/document-readiness/from/turkey,4,4,4,0,45,3,/netherlands/moving,country_tool,LINKED,YES
https://www.expatcopilot.com/netherlands/moving/tools/document-readiness/from/uae,/netherlands/moving/tools/document-readiness/from/uae,4,4,4,0,45,3,/netherlands/moving,country_tool,LINKED,YES
https://www.expatcopilot.com/netherlands/moving/tools/document-readiness/from/united-kingdom,/netherlands/moving/tools/document-readiness/from/united-kingdom,4,4,4,0,45,2,/netherlands/moving,country_tool,LINKED,YES
https://www.expatcopilot.com/netherlands/moving/tools/document-readiness/from/united-states,/netherlands/moving/tools/document-readiness/from/united-states,4,4,4,0,45,2,/netherlands/moving,country_tool,LINKED,YES
https://www.expatcopilot.com/netherlands/moving/tools/first-90-days,/netherlands/moving/tools/first-90-days,138,138,138,0,76,1,/netherlands/moving,other,LINKED,NO
https://www.expatcopilot.com/netherlands/moving/tools/first-90-days/from/argentina,/netherlands/moving/tools/first-90-days/from/argentina,5,5,5,0,44,2,/netherlands/moving,country_tool,LINKED,YES
https://www.expatcopilot.com/netherlands/moving/tools/first-90-days/from/australia,/netherlands/moving/tools/first-90-days/from/australia,5,5,5,0,44,2,/netherlands/moving,country_tool,LINKED,YES
https://www.expatcopilot.com/netherlands/moving/tools/first-90-days/from/brazil,/netherlands/moving/tools/first-90-days/from/brazil,5,5,5,0,44,2,/netherlands/moving,country_tool,LINKED,YES
https://www.expatcopilot.com/netherlands/moving/tools/first-90-days/from/canada,/netherlands/moving/tools/first-90-days/from/canada,5,5,5,0,44,2,/netherlands/moving,country_tool,LINKED,YES
https://www.expatcopilot.com/netherlands/moving/tools/first-90-days/from/chile,/netherlands/moving/tools/first-90-days/from/chile,5,5,5,0,44,2,/netherlands/moving,country_tool,LINKED,YES
https://www.expatcopilot.com/netherlands/moving/tools/first-90-days/from/denmark,/netherlands/moving/tools/first-90-days/from/denmark,5,5,5,0,44,2,/netherlands/moving,country_tool,LINKED,YES
https://www.expatcopilot.com/netherlands/moving/tools/first-90-days/from/france,/netherlands/moving/tools/first-90-days/from/france,5,5,5,0,44,2,/netherlands/moving,country_tool,LINKED,YES
https://www.expatcopilot.com/netherlands/moving/tools/first-90-days/from/germany,/netherlands/moving/tools/first-90-days/from/germany,5,5,5,0,44,2,/netherlands/moving,country_tool,LINKED,YES
https://www.expatcopilot.com/netherlands/moving/tools/first-90-days/from/india,/netherlands/moving/tools/first-90-days/from/india,5,5,5,0,44,2,/netherlands/moving,country_tool,LINKED,YES
https://www.expatcopilot.com/netherlands/moving/tools/first-90-days/from/indonesia,/netherlands/moving/tools/first-90-days/from/indonesia,5,5,5,0,44,2,/netherlands/moving,country_tool,LINKED,YES
https://www.expatcopilot.com/netherlands/moving/tools/first-90-days/from/ireland,/netherlands/moving/tools/first-90-days/from/ireland,5,5,5,0,44,2,/netherlands/moving,country_tool,LINKED,YES
https://www.expatcopilot.com/netherlands/moving/tools/first-90-days/from/italy,/netherlands/moving/tools/first-90-days/from/italy,5,5,5,0,44,2,/netherlands/moving,country_tool,LINKED,YES
https://www.expatcopilot.com/netherlands/moving/tools/first-90-days/from/japan,/netherlands/moving/tools/first-90-days/from/japan,5,5,5,0,44,2,/netherlands/moving,country_tool,LINKED,YES
https://www.expatcopilot.com/netherlands/moving/tools/first-90-days/from/kenya,/netherlands/moving/tools/first-90-days/from/kenya,5,5,5,0,44,2,/netherlands/moving,country_tool,LINKED,YES
https://www.expatcopilot.com/netherlands/moving/tools/first-90-days/from/mexico,/netherlands/moving/tools/first-90-days/from/mexico,5,5,5,0,44,2,/netherlands/moving,country_tool,LINKED,YES
https://www.expatcopilot.com/netherlands/moving/tools/first-90-days/from/new-zealand,/netherlands/moving/tools/first-90-days/from/new-zealand,5,5,5,0,44,2,/netherlands/moving,country_tool,LINKED,YES
https://www.expatcopilot.com/netherlands/moving/tools/first-90-days/from/norway,/netherlands/moving/tools/first-90-days/from/norway,5,5,5,0,44,2,/netherlands/moving,country_tool,LINKED,YES
https://www.expatcopilot.com/netherlands/moving/tools/first-90-days/from/pakistan,/netherlands/moving/tools/first-90-days/from/pakistan,5,5,5,0,44,2,/netherlands/moving,country_tool,LINKED,YES
https://www.expatcopilot.com/netherlands/moving/tools/first-90-days/from/singapore,/netherlands/moving/tools/first-90-days/from/singapore,5,5,5,0,44,2,/netherlands/moving,country_tool,LINKED,YES
https://www.expatcopilot.com/netherlands/moving/tools/first-90-days/from/south-africa,/netherlands/moving/tools/first-90-days/from/south-africa,5,5,5,0,44,2,/netherlands/moving,country_tool,LINKED,YES
https://www.expatcopilot.com/netherlands/moving/tools/first-90-days/from/south-korea,/netherlands/moving/tools/first-90-days/from/south-korea,5,5,5,0,44,2,/netherlands/moving,country_tool,LINKED,YES
https://www.expatcopilot.com/netherlands/moving/tools/first-90-days/from/spain,/netherlands/moving/tools/first-90-days/from/spain,5,5,5,0,44,2,/netherlands/moving,country_tool,LINKED,YES
https://www.expatcopilot.com/netherlands/moving/tools/first-90-days/from/sweden,/netherlands/moving/tools/first-90-days/from/sweden,5,5,5,0,44,2,/netherlands/moving,country_tool,LINKED,YES
https://www.expatcopilot.com/netherlands/moving/tools/first-90-days/from/switzerland,/netherlands/moving/tools/first-90-days/from/switzerland,5,5,5,0,44,2,/netherlands/moving,country_tool,LINKED,YES
https://www.expatcopilot.com/netherlands/moving/tools/first-90-days/from/turkey,/netherlands/moving/tools/first-90-days/from/turkey,5,5,5,0,44,2,/netherlands/moving,country_tool,LINKED,YES
https://www.expatcopilot.com/netherlands/moving/tools/first-90-days/from/uae,/netherlands/moving/tools/first-90-days/from/uae,5,5,5,0,44,2,/netherlands/moving,country_tool,LINKED,YES
https://www.expatcopilot.com/netherlands/moving/tools/first-90-days/from/united-kingdom,/netherlands/moving/tools/first-90-days/from/united-kingdom,5,5,5,0,44,2,/netherlands/moving,country_tool,LINKED,YES
https://www.expatcopilot.com/netherlands/moving/tools/first-90-days/from/united-states,/netherlands/moving/tools/first-90-days/from/united-states,5,5,5,0,44,2,/netherlands/moving,country_tool,LINKED,YES
https://www.expatcopilot.com/netherlands/moving/tools/hsm-salary-checker,/netherlands/moving/tools/hsm-salary-checker,4,4,4,0,38,2,/netherlands/moving,other,LINKED,NO
https://www.expatcopilot.com/netherlands/moving/tools/moving-checklist,/netherlands/moving/tools/moving-checklist,446,446,0,446,80,1,/netherlands/moving,other,LINKED,NO
https://www.expatcopilot.com/netherlands/moving/tools/moving-checklist/from/argentina,/netherlands/moving/tools/moving-checklist/from/argentina,5,5,5,0,43,2,/netherlands/moving,country_tool,LINKED,YES
https://www.expatcopilot.com/netherlands/moving/tools/moving-checklist/from/australia,/netherlands/moving/tools/moving-checklist/from/australia,5,5,5,0,43,2,/netherlands/moving,country_tool,LINKED,YES
https://www.expatcopilot.com/netherlands/moving/tools/moving-checklist/from/brazil,/netherlands/moving/tools/moving-checklist/from/brazil,5,5,5,0,43,2,/netherlands/moving,country_tool,LINKED,YES
https://www.expatcopilot.com/netherlands/moving/tools/moving-checklist/from/canada,/netherlands/moving/tools/moving-checklist/from/canada,5,5,5,0,43,2,/netherlands/moving,country_tool,LINKED,YES
https://www.expatcopilot.com/netherlands/moving/tools/moving-checklist/from/chile,/netherlands/moving/tools/moving-checklist/from/chile,5,5,5,0,43,2,/netherlands/moving,country_tool,LINKED,YES
https://www.expatcopilot.com/netherlands/moving/tools/moving-checklist/from/denmark,/netherlands/moving/tools/moving-checklist/from/denmark,5,5,5,0,43,2,/netherlands/moving,country_tool,LINKED,YES
https://www.expatcopilot.com/netherlands/moving/tools/moving-checklist/from/france,/netherlands/moving/tools/moving-checklist/from/france,5,5,5,0,43,2,/netherlands/moving,country_tool,LINKED,YES
https://www.expatcopilot.com/netherlands/moving/tools/moving-checklist/from/germany,/netherlands/moving/tools/moving-checklist/from/germany,5,5,5,0,43,2,/netherlands/moving,country_tool,LINKED,YES
https://www.expatcopilot.com/netherlands/moving/tools/moving-checklist/from/india,/netherlands/moving/tools/moving-checklist/from/india,5,5,5,0,43,2,/netherlands/moving,country_tool,LINKED,YES
https://www.expatcopilot.com/netherlands/moving/tools/moving-checklist/from/indonesia,/netherlands/moving/tools/moving-checklist/from/indonesia,5,5,5,0,43,2,/netherlands/moving,country_tool,LINKED,YES
https://www.expatcopilot.com/netherlands/moving/tools/moving-checklist/from/ireland,/netherlands/moving/tools/moving-checklist/from/ireland,5,5,5,0,43,2,/netherlands/moving,country_tool,LINKED,YES
https://www.expatcopilot.com/netherlands/moving/tools/moving-checklist/from/italy,/netherlands/moving/tools/moving-checklist/from/italy,5,5,5,0,43,2,/netherlands/moving,country_tool,LINKED,YES
https://www.expatcopilot.com/netherlands/moving/tools/moving-checklist/from/japan,/netherlands/moving/tools/moving-checklist/from/japan,5,5,5,0,43,2,/netherlands/moving,country_tool,LINKED,YES
https://www.expatcopilot.com/netherlands/moving/tools/moving-checklist/from/kenya,/netherlands/moving/tools/moving-checklist/from/kenya,5,5,5,0,43,2,/netherlands/moving,country_tool,LINKED,YES
https://www.expatcopilot.com/netherlands/moving/tools/moving-checklist/from/mexico,/netherlands/moving/tools/moving-checklist/from/mexico,5,5,5,0,43,2,/netherlands/moving,country_tool,LINKED,YES
https://www.expatcopilot.com/netherlands/moving/tools/moving-checklist/from/new-zealand,/netherlands/moving/tools/moving-checklist/from/new-zealand,5,5,5,0,43,2,/netherlands/moving,country_tool,LINKED,YES
https://www.expatcopilot.com/netherlands/moving/tools/moving-checklist/from/norway,/netherlands/moving/tools/moving-checklist/from/norway,5,5,5,0,43,2,/netherlands/moving,country_tool,LINKED,YES
https://www.expatcopilot.com/netherlands/moving/tools/moving-checklist/from/pakistan,/netherlands/moving/tools/moving-checklist/from/pakistan,5,5,5,0,43,2,/netherlands/moving,country_tool,LINKED,YES
https://www.expatcopilot.com/netherlands/moving/tools/moving-checklist/from/singapore,/netherlands/moving/tools/moving-checklist/from/singapore,5,5,5,0,43,2,/netherlands/moving,country_tool,LINKED,YES
https://www.expatcopilot.com/netherlands/moving/tools/moving-checklist/from/south-africa,/netherlands/moving/tools/moving-checklist/from/south-africa,5,5,5,0,43,2,/netherlands/moving,country_tool,LINKED,YES
https://www.expatcopilot.com/netherlands/moving/tools/moving-checklist/from/south-korea,/netherlands/moving/tools/moving-checklist/from/south-korea,5,5,5,0,43,2,/netherlands/moving,country_tool,LINKED,YES
https://www.expatcopilot.com/netherlands/moving/tools/moving-checklist/from/spain,/netherlands/moving/tools/moving-checklist/from/spain,5,5,5,0,43,2,/netherlands/moving,country_tool,LINKED,YES
https://www.expatcopilot.com/netherlands/moving/tools/moving-checklist/from/sweden,/netherlands/moving/tools/moving-checklist/from/sweden,5,5,5,0,43,2,/netherlands/moving,country_tool,LINKED,YES
https://www.expatcopilot.com/netherlands/moving/tools/moving-checklist/from/switzerland,/netherlands/moving/tools/moving-checklist/from/switzerland,5,5,5,0,43,2,/netherlands/moving,country_tool,LINKED,YES
https://www.expatcopilot.com/netherlands/moving/tools/moving-checklist/from/turkey,/netherlands/moving/tools/moving-checklist/from/turkey,5,5,5,0,43,2,/netherlands/moving,country_tool,LINKED,YES
https://www.expatcopilot.com/netherlands/moving/tools/moving-checklist/from/uae,/netherlands/moving/tools/moving-checklist/from/uae,5,5,5,0,43,2,/netherlands/moving,country_tool,LINKED,YES
https://www.expatcopilot.com/netherlands/moving/tools/moving-checklist/from/united-kingdom,/netherlands/moving/tools/moving-checklist/from/united-kingdom,5,5,5,0,43,2,/netherlands/moving,country_tool,LINKED,YES
https://www.expatcopilot.com/netherlands/moving/tools/moving-checklist/from/united-states,/netherlands/moving/tools/moving-checklist/from/united-states,5,5,5,0,43,2,/netherlands/moving,country_tool,LINKED,YES
https://www.expatcopilot.com/netherlands/moving/tools/relocation-cost-estimator,/netherlands/moving/tools/relocation-cost-estimator,55,55,55,0,60,2,/netherlands/moving,other,LINKED,NO
https://www.expatcopilot.com/netherlands/moving/twv-work-permit,/netherlands/moving/twv-work-permit,16,16,16,0,60,2,/netherlands/moving,other,LINKED,NO
https://www.expatcopilot.com/netherlands/moving/visas-residency,/netherlands/moving/visas-residency,75,75,75,0,76,2,/netherlands/moving,other,LINKED,NO
https://www.expatcopilot.com/netherlands/moving/working-in-the-netherlands,/netherlands/moving/working-in-the-netherlands,41,41,41,0,79,2,/netherlands/moving,other,LINKED,NO
https://www.expatcopilot.com/netherlands/municipality-registration-netherlands,/netherlands/municipality-registration-netherlands,155,155,155,0,45,2,/netherlands/municipality-registration-netherlands,other,LINKED,NO
https://www.expatcopilot.com/netherlands/nijmegen,/netherlands/nijmegen,22,22,22,0,73,2,/netherlands/nijmegen,other,LINKED,NO
https://www.expatcopilot.com/netherlands/official-figures,/netherlands/official-figures,446,446,446,0,40,1,/netherlands/official-figures,other,LINKED,NO
https://www.expatcopilot.com/netherlands/open-bank-account-netherlands,/netherlands/open-bank-account-netherlands,167,167,167,0,53,2,/netherlands/open-bank-account-netherlands,other,LINKED,NO
https://www.expatcopilot.com/netherlands/practical-life/digid-netherlands,/netherlands/practical-life/digid-netherlands,11,11,11,0,38,2,/netherlands/practical-life,other,LINKED,NO
https://www.expatcopilot.com/netherlands/practical-life/government-portals-netherlands,/netherlands/practical-life/government-portals-netherlands,11,11,11,0,40,2,/netherlands/practical-life,other,LINKED,NO
https://www.expatcopilot.com/netherlands/practical-life/municipality-services-netherlands,/netherlands/practical-life/municipality-services-netherlands,19,19,19,0,54,2,/netherlands/practical-life,other,LINKED,NO
https://www.expatcopilot.com/netherlands/practical-life/parking-and-local-permits-netherlands,/netherlands/practical-life/parking-and-local-permits-netherlands,16,16,16,0,53,2,/netherlands/practical-life,other,LINKED,NO
https://www.expatcopilot.com/netherlands/practical-life/privacy-and-safety-basics-netherlands,/netherlands/practical-life/privacy-and-safety-basics-netherlands,1,1,1,0,44,2,/netherlands/practical-life,other,NEAR_ORPHAN,NO
https://www.expatcopilot.com/netherlands/practical-life/registering-your-address-netherlands,/netherlands/practical-life/registering-your-address-netherlands,13,13,13,0,46,2,/netherlands/practical-life,other,LINKED,NO
https://www.expatcopilot.com/netherlands/practical-life/subscriptions-and-cancellations-netherlands,/netherlands/practical-life/subscriptions-and-cancellations-netherlands,3,3,3,0,40,2,/netherlands/practical-life,other,LINKED,NO
https://www.expatcopilot.com/netherlands/practical-life/waste-and-recycling-netherlands,/netherlands/practical-life/waste-and-recycling-netherlands,7,7,7,0,44,2,/netherlands/practical-life,other,LINKED,NO
https://www.expatcopilot.com/netherlands/randstad,/netherlands/randstad,10,10,10,0,66,2,/netherlands/randstad,other,LINKED,NO
https://www.expatcopilot.com/netherlands/rotterdam,/netherlands/rotterdam,93,93,93,0,77,2,/netherlands/rotterdam,other,LINKED,NO
https://www.expatcopilot.com/netherlands/services,/netherlands/services,446,446,446,0,61,1,/netherlands/services,other,LINKED,NO
https://www.expatcopilot.com/netherlands/services/banks,/netherlands/services/banks,63,63,63,0,56,2,/netherlands/services,other,LINKED,NO
https://www.expatcopilot.com/netherlands/services/financial-advisors,/netherlands/services/financial-advisors,25,25,25,0,60,2,/netherlands/services,other,LINKED,NO
https://www.expatcopilot.com/netherlands/services/health-insurance,/netherlands/services/health-insurance,61,61,61,0,61,2,/netherlands/services,other,LINKED,NO
https://www.expatcopilot.com/netherlands/services/highly-skilled-migrant-sponsors,/netherlands/services/highly-skilled-migrant-sponsors,23,23,23,0,51,2,/netherlands/services,other,LINKED,NO
https://www.expatcopilot.com/netherlands/services/housing-platforms,/netherlands/services/housing-platforms,86,86,86,0,63,2,/netherlands/services,other,LINKED,NO
https://www.expatcopilot.com/netherlands/services/immigration-lawyers,/netherlands/services/immigration-lawyers,79,79,79,0,60,2,/netherlands/services,other,LINKED,NO
https://www.expatcopilot.com/netherlands/services/insurance-providers,/netherlands/services/insurance-providers,11,11,11,0,44,2,/netherlands/services,other,LINKED,NO
https://www.expatcopilot.com/netherlands/services/mobile-connectivity,/netherlands/services/mobile-connectivity,10,10,10,0,48,2,/netherlands/services,other,LINKED,NO
https://www.expatcopilot.com/netherlands/services/mortgage-advisors,/netherlands/services/mortgage-advisors,15,15,15,0,63,2,/netherlands/services,other,LINKED,NO
https://www.expatcopilot.com/netherlands/services/relocation-agencies,/netherlands/services/relocation-agencies,66,66,66,0,63,2,/netherlands/services,other,LINKED,NO
https://www.expatcopilot.com/netherlands/services/relocation-services,/netherlands/services/relocation-services,89,89,89,0,68,2,/netherlands/services,other,LINKED,NO
https://www.expatcopilot.com/netherlands/services/rental-agencies,/netherlands/services/rental-agencies,60,60,60,0,67,2,/netherlands/services,other,LINKED,NO
https://www.expatcopilot.com/netherlands/services/startup-visa-advisors,/netherlands/services/startup-visa-advisors,20,20,20,0,82,2,/netherlands/services,other,LINKED,NO
https://www.expatcopilot.com/netherlands/services/tax-advisors,/netherlands/services/tax-advisors,44,44,44,0,47,2,/netherlands/services,other,LINKED,NO
https://www.expatcopilot.com/netherlands/services/visa-consultants,/netherlands/services/visa-consultants,61,61,61,0,57,2,/netherlands/services,other,LINKED,NO
https://www.expatcopilot.com/netherlands/shipping-household-goods-netherlands,/netherlands/shipping-household-goods-netherlands,18,18,18,0,42,2,/netherlands/shipping-household-goods-netherlands,other,LINKED,NO
https://www.expatcopilot.com/netherlands/taxes,/netherlands/taxes,446,446,446,0,64,1,/netherlands/taxes,other,LINKED,NO
https://www.expatcopilot.com/netherlands/taxes/30-percent-ruling,/netherlands/taxes/30-percent-ruling,47,47,47,0,52,2,/netherlands/taxes,other,LINKED,NO
https://www.expatcopilot.com/netherlands/taxes/average-salary-netherlands,/netherlands/taxes/average-salary-netherlands,18,18,18,0,61,2,/netherlands/taxes,other,LINKED,NO
https://www.expatcopilot.com/netherlands/taxes/bonus-tax-netherlands,/netherlands/taxes/bonus-tax-netherlands,15,15,15,0,44,2,/netherlands/taxes,other,LINKED,NO
https://www.expatcopilot.com/netherlands/taxes/childcare-allowance-netherlands,/netherlands/taxes/childcare-allowance-netherlands,16,16,16,0,56,2,/netherlands/taxes,other,LINKED,NO
https://www.expatcopilot.com/netherlands/taxes/double-taxation-netherlands,/netherlands/taxes/double-taxation-netherlands,10,10,10,0,43,2,/netherlands/taxes,other,LINKED,NO
https://www.expatcopilot.com/netherlands/taxes/foreign-income-netherlands,/netherlands/taxes/foreign-income-netherlands,10,10,10,0,43,2,/netherlands/taxes,other,LINKED,NO
https://www.expatcopilot.com/netherlands/taxes/gross-vs-net-salary,/netherlands/taxes/gross-vs-net-salary,43,43,43,0,46,2,/netherlands/taxes,other,LINKED,NO
https://www.expatcopilot.com/netherlands/taxes/healthcare-allowance-netherlands,/netherlands/taxes/healthcare-allowance-netherlands,29,29,29,0,48,2,/netherlands/taxes,other,LINKED,NO
https://www.expatcopilot.com/netherlands/taxes/leaving-netherlands-tax,/netherlands/taxes/leaving-netherlands-tax,9,9,9,0,52,2,/netherlands/taxes,other,LINKED,NO
https://www.expatcopilot.com/netherlands/taxes/net-salary-netherlands,/netherlands/taxes/net-salary-netherlands,27,27,27,0,51,2,/netherlands/taxes,other,LINKED,NO
https://www.expatcopilot.com/netherlands/taxes/payroll-tax-netherlands,/netherlands/taxes/payroll-tax-netherlands,16,16,16,0,52,2,/netherlands/taxes,other,LINKED,NO
https://www.expatcopilot.com/netherlands/taxes/property-tax-netherlands,/netherlands/taxes/property-tax-netherlands,10,10,10,0,55,2,/netherlands/taxes,other,LINKED,NO
https://www.expatcopilot.com/netherlands/taxes/rent-allowance-netherlands,/netherlands/taxes/rent-allowance-netherlands,6,6,6,0,56,2,/netherlands/taxes,other,LINKED,NO
https://www.expatcopilot.com/netherlands/taxes/taxes-after-moving-netherlands,/netherlands/taxes/taxes-after-moving-netherlands,4,4,4,0,47,2,/netherlands/taxes,other,LINKED,NO
https://www.expatcopilot.com/netherlands/taxes/tools,/netherlands/taxes/tools,21,21,21,0,51,2,/netherlands/taxes,other,LINKED,NO
https://www.expatcopilot.com/netherlands/taxes/tools/30-ruling-calculator,/netherlands/taxes/tools/30-ruling-calculator,40,40,40,0,51,2,/netherlands/taxes,other,LINKED,NO
https://www.expatcopilot.com/netherlands/taxes/tools/double-tax-awareness-tool,/netherlands/taxes/tools/double-tax-awareness-tool,20,20,20,0,45,2,/netherlands/taxes,other,LINKED,NO
https://www.expatcopilot.com/netherlands/taxes/tools/dutch-salary-net-calculator,/netherlands/taxes/tools/dutch-salary-net-calculator,133,133,133,0,50,2,/netherlands/taxes,other,LINKED,NO
https://www.expatcopilot.com/netherlands/taxes/tools/healthcare-allowance-estimator,/netherlands/taxes/tools/healthcare-allowance-estimator,33,33,33,0,56,2,/netherlands/taxes,other,LINKED,NO
https://www.expatcopilot.com/netherlands/the-hague,/netherlands/the-hague,90,90,90,0,76,2,/netherlands/the-hague,other,LINKED,NO
https://www.expatcopilot.com/netherlands/tilburg,/netherlands/tilburg,23,23,23,0,73,2,/netherlands/tilburg,other,LINKED,NO
https://www.expatcopilot.com/netherlands/tools,/netherlands/tools,446,446,446,0,61,1,/netherlands/tools,other,LINKED,NO
https://www.expatcopilot.com/netherlands/tools/advanced,/netherlands/tools/advanced,1,1,1,0,47,2,/netherlands/tools,other,NEAR_ORPHAN,NO
https://www.expatcopilot.com/netherlands/tools/bank-comparison,/netherlands/tools/bank-comparison,26,26,26,0,46,2,/netherlands/tools,other,LINKED,NO
https://www.expatcopilot.com/netherlands/tools/banking-cost-estimator,/netherlands/tools/banking-cost-estimator,26,26,26,0,44,2,/netherlands/tools,other,LINKED,NO
https://www.expatcopilot.com/netherlands/tools/city-comparison,/netherlands/tools/city-comparison,113,113,113,0,45,2,/netherlands/tools,other,LINKED,NO
https://www.expatcopilot.com/netherlands/tools/transfer-cost-calculator,/netherlands/tools/transfer-cost-calculator,14,14,14,0,45,2,/netherlands/tools,other,LINKED,NO
https://www.expatcopilot.com/netherlands/transport/tools,/netherlands/transport/tools,8,8,8,0,35,2,/netherlands/transport,other,LINKED,NO
https://www.expatcopilot.com/netherlands/utilities,/netherlands/utilities,3,3,3,0,33,2,/netherlands/utilities,other,LINKED,NO
https://www.expatcopilot.com/netherlands/utilities/energy-and-water-netherlands,/netherlands/utilities/energy-and-water-netherlands,8,8,8,0,44,2,/netherlands/utilities,other,LINKED,NO
https://www.expatcopilot.com/netherlands/utilities/internet-and-mobile-netherlands,/netherlands/utilities/internet-and-mobile-netherlands,8,8,8,0,46,2,/netherlands/utilities,other,LINKED,NO
https://www.expatcopilot.com/netherlands/utilities/utilities-netherlands,/netherlands/utilities/utilities-netherlands,446,446,446,0,49,1,/netherlands/utilities,other,LINKED,NO
https://www.expatcopilot.com/netherlands/utrecht,/netherlands/utrecht,92,92,92,0,76,2,/netherlands/utrecht,other,LINKED,NO
https://www.expatcopilot.com/netherlands/visa-application-plan,/netherlands/visa-application-plan,18,18,18,0,45,2,/netherlands/visa-application-plan,other,LINKED,NO
https://www.expatcopilot.com/netherlands/visa-checker,/netherlands/visa-checker,118,118,118,0,48,2,/netherlands/visa-checker,other,LINKED,NO
https://www.expatcopilot.com/netherlands/visa-cost-calculator,/netherlands/visa-cost-calculator,71,71,71,0,43,2,/netherlands/visa-cost-calculator,other,LINKED,NO
https://www.expatcopilot.com/netherlands/visa-timeline-estimator,/netherlands/visa-timeline-estimator,36,36,36,0,47,2,/netherlands/visa-timeline-estimator,other,LINKED,NO
https://www.expatcopilot.com/netherlands/visa/compare-visas,/netherlands/visa/compare-visas,45,45,45,0,47,2,/netherlands/visa,other,LINKED,NO
https://www.expatcopilot.com/netherlands/visa/dutch-american-friendship-treaty,/netherlands/visa/dutch-american-friendship-treaty,44,44,44,0,54,2,/netherlands/visa,other,LINKED,NO
https://www.expatcopilot.com/netherlands/visa/eu-blue-card,/netherlands/visa/eu-blue-card,55,55,55,0,54,2,/netherlands/visa,other,LINKED,NO
https://www.expatcopilot.com/netherlands/visa/highly-skilled-migrant,/netherlands/visa/highly-skilled-migrant,61,61,61,0,62,2,/netherlands/visa,other,LINKED,NO
https://www.expatcopilot.com/netherlands/visa/partner-family-visa,/netherlands/visa/partner-family-visa,100,100,100,0,54,2,/netherlands/visa,other,LINKED,NO
https://www.expatcopilot.com/netherlands/visa/self-employed-visa,/netherlands/visa/self-employed-visa,69,69,69,0,57,2,/netherlands/visa,other,LINKED,NO
https://www.expatcopilot.com/netherlands/visa/student-visa,/netherlands/visa/student-visa,71,71,71,0,53,2,/netherlands/visa,other,LINKED,NO
https://www.expatcopilot.com/netherlands/work/tools,/netherlands/work/tools,14,14,14,0,49,2,/netherlands/work,other,LINKED,NO
https://www.expatcopilot.com/netherlands/work/tools/employment-contract-risk-scanner,/netherlands/work/tools/employment-contract-risk-scanner,17,17,17,0,43,2,/netherlands/work,other,LINKED,NO
https://www.expatcopilot.com/netherlands/work/tools/employment-type-scenario-tool,/netherlands/work/tools/employment-type-scenario-tool,20,20,20,0,50,2,/netherlands/work,other,LINKED,NO
https://www.expatcopilot.com/netherlands/work/tools/job-offer-comparison,/netherlands/work/tools/job-offer-comparison,26,26,26,0,56,2,/netherlands/work,other,LINKED,NO
https://www.expatcopilot.com/netherlands/work/tools/payslip-decoder,/netherlands/work/tools/payslip-decoder,38,38,38,0,52,2,/netherlands/work,other,LINKED,NO
https://www.expatcopilot.com/privacy,/privacy,446,446,446,0,30,1,/,other,LINKED,NO
https://www.expatcopilot.com/sitemap,/sitemap,446,446,446,0,224,1,/,other,LINKED,NO
https://www.expatcopilot.com/sources,/sources,446,446,446,0,30,1,/,other,LINKED,NO
https://www.expatcopilot.com/terms,/terms,446,446,446,0,30,1,/,other,LINKED,NO
