path,country,final_status,grade,score,h1,has_country_in_h1,visa_section,docs_section,banking_section,timeline_section,unique_blocks,word_count,related_tools,eu_eea_flavor,robots,canonical
/netherlands/moving/tools/arrival-planner/from/argentina,argentina,200,STRONG_UNIQUE_VALUE,8,Arrival Planner for the Netherlands — from Argentina,True,True,True,True,True,111,2509,16,True,,https://www.expatcopilot.com/netherlands/moving/tools/arrival-planner/from/argentina
/netherlands/moving/tools/arrival-planner/from/australia,australia,200,STRONG_UNIQUE_VALUE,8,Arrival Planner for the Netherlands — from Australia,True,True,True,True,True,112,2228,16,True,,https://www.expatcopilot.com/netherlands/moving/tools/arrival-planner/from/australia
/netherlands/moving/tools/arrival-planner/from/brazil,brazil,200,STRONG_UNIQUE_VALUE,8,Arrival Planner for the Netherlands — from Brazil,True,True,True,True,True,128,2415,16,True,,https://www.expatcopilot.com/netherlands/moving/tools/arrival-planner/from/brazil
/netherlands/moving/tools/arrival-planner/from/canada,canada,200,STRONG_UNIQUE_VALUE,8,Arrival Planner for the Netherlands — from Canada,True,True,True,True,True,110,2256,16,True,,https://www.expatcopilot.com/netherlands/moving/tools/arrival-planner/from/canada
/netherlands/moving/tools/arrival-planner/from/chile,chile,200,STRONG_UNIQUE_VALUE,8,Arrival Planner for the Netherlands — from Chile,True,True,True,True,True,117,2429,16,True,,https://www.expatcopilot.com/netherlands/moving/tools/arrival-planner/from/chile
/netherlands/moving/tools/arrival-planner/from/denmark,denmark,200,STRONG_UNIQUE_VALUE,8,Arrival Planner for the Netherlands — from Denmark,True,True,True,True,True,115,2288,16,True,,https://www.expatcopilot.com/netherlands/moving/tools/arrival-planner/from/denmark
/netherlands/moving/tools/arrival-planner/from/france,france,200,STRONG_UNIQUE_VALUE,8,Arrival Planner for the Netherlands — from France,True,True,True,True,True,104,2251,16,True,,https://www.expatcopilot.com/netherlands/moving/tools/arrival-planner/from/france
/netherlands/moving/tools/arrival-planner/from/germany,germany,200,STRONG_UNIQUE_VALUE,8,Arrival Planner for the Netherlands — from Germany,True,True,True,True,True,106,2203,16,True,,https://www.expatcopilot.com/netherlands/moving/tools/arrival-planner/from/germany
/netherlands/moving/tools/arrival-planner/from/india,india,200,STRONG_UNIQUE_VALUE,8,Arrival Planner for the Netherlands — from India,True,True,True,True,True,118,2203,16,True,,https://www.expatcopilot.com/netherlands/moving/tools/arrival-planner/from/india
/netherlands/moving/tools/arrival-planner/from/indonesia,indonesia,200,STRONG_UNIQUE_VALUE,8,Arrival Planner for the Netherlands — from Indonesia,True,True,True,True,True,125,2645,16,True,,https://www.expatcopilot.com/netherlands/moving/tools/arrival-planner/from/indonesia
/netherlands/moving/tools/arrival-planner/from/ireland,ireland,200,STRONG_UNIQUE_VALUE,8,Arrival Planner for the Netherlands — from Ireland,True,True,True,True,True,115,2433,16,True,,https://www.expatcopilot.com/netherlands/moving/tools/arrival-planner/from/ireland
/netherlands/moving/tools/arrival-planner/from/italy,italy,200,STRONG_UNIQUE_VALUE,8,Arrival Planner for the Netherlands — from Italy,True,True,True,True,True,106,2355,16,True,,https://www.expatcopilot.com/netherlands/moving/tools/arrival-planner/from/italy
/netherlands/moving/tools/arrival-planner/from/japan,japan,200,STRONG_UNIQUE_VALUE,8,Arrival Planner for the Netherlands — from Japan,True,True,True,True,True,113,2340,16,True,,https://www.expatcopilot.com/netherlands/moving/tools/arrival-planner/from/japan
/netherlands/moving/tools/arrival-planner/from/kenya,kenya,200,STRONG_UNIQUE_VALUE,8,Arrival Planner for the Netherlands — from Kenya,True,True,True,True,True,119,2578,16,True,,https://www.expatcopilot.com/netherlands/moving/tools/arrival-planner/from/kenya
/netherlands/moving/tools/arrival-planner/from/mexico,mexico,200,STRONG_UNIQUE_VALUE,8,Arrival Planner for the Netherlands — from Mexico,True,True,True,True,True,116,2421,16,True,,https://www.expatcopilot.com/netherlands/moving/tools/arrival-planner/from/mexico
/netherlands/moving/tools/arrival-planner/from/new-zealand,new-zealand,200,STRONG_UNIQUE_VALUE,8,Arrival Planner for the Netherlands — from New Zealand,True,True,True,True,True,92,2287,16,True,,https://www.expatcopilot.com/netherlands/moving/tools/arrival-planner/from/new-zealand
/netherlands/moving/tools/arrival-planner/from/norway,norway,200,STRONG_UNIQUE_VALUE,8,Arrival Planner for the Netherlands — from Norway,True,True,True,True,True,115,2439,16,True,,https://www.expatcopilot.com/netherlands/moving/tools/arrival-planner/from/norway
/netherlands/moving/tools/arrival-planner/from/pakistan,pakistan,200,STRONG_UNIQUE_VALUE,8,Arrival Planner for the Netherlands — from Pakistan,True,True,True,True,True,121,2589,16,True,,https://www.expatcopilot.com/netherlands/moving/tools/arrival-planner/from/pakistan
/netherlands/moving/tools/arrival-planner/from/singapore,singapore,200,STRONG_UNIQUE_VALUE,8,Arrival Planner for the Netherlands — from Singapore,True,True,True,True,True,121,2328,16,True,,https://www.expatcopilot.com/netherlands/moving/tools/arrival-planner/from/singapore
/netherlands/moving/tools/arrival-planner/from/south-africa,south-africa,200,STRONG_UNIQUE_VALUE,8,Arrival Planner for the Netherlands — from South Africa,True,True,True,True,True,91,2122,16,True,,https://www.expatcopilot.com/netherlands/moving/tools/arrival-planner/from/south-africa
/netherlands/moving/tools/arrival-planner/from/south-korea,south-korea,200,STRONG_UNIQUE_VALUE,8,Arrival Planner for the Netherlands — from South Korea,True,True,True,True,True,95,2408,16,True,,https://www.expatcopilot.com/netherlands/moving/tools/arrival-planner/from/south-korea
/netherlands/moving/tools/arrival-planner/from/spain,spain,200,STRONG_UNIQUE_VALUE,8,Arrival Planner for the Netherlands — from Spain,True,True,True,True,True,106,2315,16,True,,https://www.expatcopilot.com/netherlands/moving/tools/arrival-planner/from/spain
/netherlands/moving/tools/arrival-planner/from/sweden,sweden,200,STRONG_UNIQUE_VALUE,8,Arrival Planner for the Netherlands — from Sweden,True,True,True,True,True,107,2267,16,True,,https://www.expatcopilot.com/netherlands/moving/tools/arrival-planner/from/sweden
/netherlands/moving/tools/arrival-planner/from/switzerland,switzerland,200,STRONG_UNIQUE_VALUE,8,Arrival Planner for the Netherlands — from Switzerland,True,True,True,True,True,113,2392,16,True,,https://www.expatcopilot.com/netherlands/moving/tools/arrival-planner/from/switzerland
/netherlands/moving/tools/arrival-planner/from/turkey,turkey,200,STRONG_UNIQUE_VALUE,8,Arrival Planner for the Netherlands — from Türkiye,True,True,True,True,True,18,2581,16,True,,https://www.expatcopilot.com/netherlands/moving/tools/arrival-planner/from/turkey
/netherlands/moving/tools/arrival-planner/from/uae,uae,200,ADEQUATE,6,Arrival Planner for the Netherlands — from United Arab Emirates,False,True,True,True,True,49,2521,16,True,,https://www.expatcopilot.com/netherlands/moving/tools/arrival-planner/from/uae
/netherlands/moving/tools/arrival-planner/from/united-kingdom,united-kingdom,200,STRONG_UNIQUE_VALUE,8,Arrival Planner for the Netherlands — from United Kingdom,True,True,True,True,True,84,2189,16,True,,https://www.expatcopilot.com/netherlands/moving/tools/arrival-planner/from/united-kingdom
/netherlands/moving/tools/arrival-planner/from/united-states,united-states,200,STRONG_UNIQUE_VALUE,8,Arrival Planner for the Netherlands — from United States,True,True,True,True,True,79,2204,16,True,,https://www.expatcopilot.com/netherlands/moving/tools/arrival-planner/from/united-states
/netherlands/moving/tools/document-readiness/from/argentina,argentina,200,STRONG_UNIQUE_VALUE,8,Document Readiness Checker for the Netherlands — from Argentina,True,True,True,False,True,115,2470,16,True,,https://www.expatcopilot.com/netherlands/moving/tools/document-readiness/from/argentina
/netherlands/moving/tools/document-readiness/from/australia,australia,200,STRONG_UNIQUE_VALUE,8,Document Readiness Checker for the Netherlands — from Australia,True,True,True,False,True,108,2229,16,True,,https://www.expatcopilot.com/netherlands/moving/tools/document-readiness/from/australia
/netherlands/moving/tools/document-readiness/from/brazil,brazil,200,STRONG_UNIQUE_VALUE,8,Document Readiness Checker for the Netherlands — from Brazil,True,True,True,False,True,116,2375,16,True,,https://www.expatcopilot.com/netherlands/moving/tools/document-readiness/from/brazil
/netherlands/moving/tools/document-readiness/from/canada,canada,200,STRONG_UNIQUE_VALUE,8,Document Readiness Checker for the Netherlands — from Canada,True,True,True,False,True,101,2219,16,True,,https://www.expatcopilot.com/netherlands/moving/tools/document-readiness/from/canada
/netherlands/moving/tools/document-readiness/from/chile,chile,200,STRONG_UNIQUE_VALUE,8,Document Readiness Checker for the Netherlands — from Chile,True,True,True,False,True,124,2418,16,True,,https://www.expatcopilot.com/netherlands/moving/tools/document-readiness/from/chile
/netherlands/moving/tools/document-readiness/from/denmark,denmark,200,STRONG_UNIQUE_VALUE,8,Document Readiness Checker for the Netherlands — from Denmark,True,True,True,True,True,99,2347,16,True,,https://www.expatcopilot.com/netherlands/moving/tools/document-readiness/from/denmark
/netherlands/moving/tools/document-readiness/from/france,france,200,STRONG_UNIQUE_VALUE,8,Document Readiness Checker for the Netherlands — from France,True,True,True,False,True,93,2256,16,True,,https://www.expatcopilot.com/netherlands/moving/tools/document-readiness/from/france
/netherlands/moving/tools/document-readiness/from/germany,germany,200,STRONG_UNIQUE_VALUE,8,Document Readiness Checker for the Netherlands — from Germany,True,True,True,False,True,95,2217,16,True,,https://www.expatcopilot.com/netherlands/moving/tools/document-readiness/from/germany
/netherlands/moving/tools/document-readiness/from/india,india,200,STRONG_UNIQUE_VALUE,8,Document Readiness Checker for the Netherlands — from India,True,True,True,False,True,112,2163,16,True,,https://www.expatcopilot.com/netherlands/moving/tools/document-readiness/from/india
/netherlands/moving/tools/document-readiness/from/indonesia,indonesia,200,STRONG_UNIQUE_VALUE,8,Document Readiness Checker for the Netherlands — from Indonesia,True,True,True,False,True,132,2632,16,True,,https://www.expatcopilot.com/netherlands/moving/tools/document-readiness/from/indonesia
/netherlands/moving/tools/document-readiness/from/ireland,ireland,200,STRONG_UNIQUE_VALUE,8,Document Readiness Checker for the Netherlands — from Ireland,True,True,True,False,True,99,2470,16,True,,https://www.expatcopilot.com/netherlands/moving/tools/document-readiness/from/ireland
/netherlands/moving/tools/document-readiness/from/italy,italy,200,STRONG_UNIQUE_VALUE,8,Document Readiness Checker for the Netherlands — from Italy,True,True,True,False,True,95,2368,16,True,,https://www.expatcopilot.com/netherlands/moving/tools/document-readiness/from/italy
/netherlands/moving/tools/document-readiness/from/japan,japan,200,STRONG_UNIQUE_VALUE,8,Document Readiness Checker for the Netherlands — from Japan,True,True,True,False,True,112,2308,16,True,,https://www.expatcopilot.com/netherlands/moving/tools/document-readiness/from/japan
/netherlands/moving/tools/document-readiness/from/kenya,kenya,200,STRONG_UNIQUE_VALUE,8,Document Readiness Checker for the Netherlands — from Kenya,True,True,True,False,True,123,2594,16,True,,https://www.expatcopilot.com/netherlands/moving/tools/document-readiness/from/kenya
/netherlands/moving/tools/document-readiness/from/mexico,mexico,200,STRONG_UNIQUE_VALUE,8,Document Readiness Checker for the Netherlands — from Mexico,True,True,True,False,True,103,2381,16,True,,https://www.expatcopilot.com/netherlands/moving/tools/document-readiness/from/mexico
/netherlands/moving/tools/document-readiness/from/new-zealand,new-zealand,200,STRONG_UNIQUE_VALUE,8,Document Readiness Checker for the Netherlands — from New Zealand,True,True,True,False,True,86,2256,16,True,,https://www.expatcopilot.com/netherlands/moving/tools/document-readiness/from/new-zealand
/netherlands/moving/tools/document-readiness/from/norway,norway,200,STRONG_UNIQUE_VALUE,8,Document Readiness Checker for the Netherlands — from Norway,True,True,True,False,True,99,2489,16,True,,https://www.expatcopilot.com/netherlands/moving/tools/document-readiness/from/norway
/netherlands/moving/tools/document-readiness/from/pakistan,pakistan,200,STRONG_UNIQUE_VALUE,8,Document Readiness Checker for the Netherlands — from Pakistan,True,True,True,False,True,128,2590,16,True,,https://www.expatcopilot.com/netherlands/moving/tools/document-readiness/from/pakistan
/netherlands/moving/tools/document-readiness/from/singapore,singapore,200,STRONG_UNIQUE_VALUE,8,Document Readiness Checker for the Netherlands — from Singapore,True,True,True,False,True,114,2298,16,True,,https://www.expatcopilot.com/netherlands/moving/tools/document-readiness/from/singapore
/netherlands/moving/tools/document-readiness/from/south-africa,south-africa,200,STRONG_UNIQUE_VALUE,8,Document Readiness Checker for the Netherlands — from South Africa,True,True,True,False,True,80,2115,16,True,,https://www.expatcopilot.com/netherlands/moving/tools/document-readiness/from/south-africa
/netherlands/moving/tools/document-readiness/from/south-korea,south-korea,200,STRONG_UNIQUE_VALUE,8,Document Readiness Checker for the Netherlands — from South Korea,True,True,True,False,True,94,2395,16,True,,https://www.expatcopilot.com/netherlands/moving/tools/document-readiness/from/south-korea
/netherlands/moving/tools/document-readiness/from/spain,spain,200,STRONG_UNIQUE_VALUE,8,Document Readiness Checker for the Netherlands — from Spain,True,True,True,False,True,95,2336,16,True,,https://www.expatcopilot.com/netherlands/moving/tools/document-readiness/from/spain
/netherlands/moving/tools/document-readiness/from/sweden,sweden,200,STRONG_UNIQUE_VALUE,8,Document Readiness Checker for the Netherlands — from Sweden,True,True,True,True,True,91,2365,16,True,,https://www.expatcopilot.com/netherlands/moving/tools/document-readiness/from/sweden
/netherlands/moving/tools/document-readiness/from/switzerland,switzerland,200,STRONG_UNIQUE_VALUE,8,Document Readiness Checker for the Netherlands — from Switzerland,True,True,True,False,True,97,2404,16,True,,https://www.expatcopilot.com/netherlands/moving/tools/document-readiness/from/switzerland
/netherlands/moving/tools/document-readiness/from/turkey,turkey,200,STRONG_UNIQUE_VALUE,8,Document Readiness Checker for the Netherlands — from Türkiye,True,True,True,False,True,18,2553,16,True,,https://www.expatcopilot.com/netherlands/moving/tools/document-readiness/from/turkey
/netherlands/moving/tools/document-readiness/from/uae,uae,200,ADEQUATE,6,Document Readiness Checker for the Netherlands — from United Arab Emirates,False,True,True,False,True,49,2487,16,True,,https://www.expatcopilot.com/netherlands/moving/tools/document-readiness/from/uae
/netherlands/moving/tools/document-readiness/from/united-kingdom,united-kingdom,200,STRONG_UNIQUE_VALUE,8,Document Readiness Checker for the Netherlands — from United Kingdom,True,True,True,False,True,73,2176,16,True,,https://www.expatcopilot.com/netherlands/moving/tools/document-readiness/from/united-kingdom
/netherlands/moving/tools/document-readiness/from/united-states,united-states,200,STRONG_UNIQUE_VALUE,8,Document Readiness Checker for the Netherlands — from United States,True,True,True,True,True,73,2243,16,True,,https://www.expatcopilot.com/netherlands/moving/tools/document-readiness/from/united-states
/netherlands/moving/tools/first-90-days/from/argentina,argentina,200,STRONG_UNIQUE_VALUE,8,First 90 Days Planner for the Netherlands — from Argentina,True,True,True,True,True,121,2554,16,True,,https://www.expatcopilot.com/netherlands/moving/tools/first-90-days/from/argentina
/netherlands/moving/tools/first-90-days/from/australia,australia,200,STRONG_UNIQUE_VALUE,8,First 90 Days Planner for the Netherlands — from Australia,True,True,True,True,True,117,2213,16,True,,https://www.expatcopilot.com/netherlands/moving/tools/first-90-days/from/australia
/netherlands/moving/tools/first-90-days/from/brazil,brazil,200,STRONG_UNIQUE_VALUE,8,First 90 Days Planner for the Netherlands — from Brazil,True,True,True,True,True,133,2469,16,True,,https://www.expatcopilot.com/netherlands/moving/tools/first-90-days/from/brazil
/netherlands/moving/tools/first-90-days/from/canada,canada,200,STRONG_UNIQUE_VALUE,8,First 90 Days Planner for the Netherlands — from Canada,True,True,True,True,True,115,2242,16,True,,https://www.expatcopilot.com/netherlands/moving/tools/first-90-days/from/canada
/netherlands/moving/tools/first-90-days/from/chile,chile,200,STRONG_UNIQUE_VALUE,8,First 90 Days Planner for the Netherlands — from Chile,True,True,True,True,True,127,2479,16,True,,https://www.expatcopilot.com/netherlands/moving/tools/first-90-days/from/chile
/netherlands/moving/tools/first-90-days/from/denmark,denmark,200,STRONG_UNIQUE_VALUE,8,First 90 Days Planner for the Netherlands — from Denmark,True,True,True,True,True,115,2379,16,True,,https://www.expatcopilot.com/netherlands/moving/tools/first-90-days/from/denmark
/netherlands/moving/tools/first-90-days/from/france,france,200,STRONG_UNIQUE_VALUE,8,First 90 Days Planner for the Netherlands — from France,True,True,True,True,True,109,2259,16,True,,https://www.expatcopilot.com/netherlands/moving/tools/first-90-days/from/france
/netherlands/moving/tools/first-90-days/from/germany,germany,200,STRONG_UNIQUE_VALUE,8,First 90 Days Planner for the Netherlands — from Germany,True,True,True,True,True,111,2217,16,True,,https://www.expatcopilot.com/netherlands/moving/tools/first-90-days/from/germany
/netherlands/moving/tools/first-90-days/from/india,india,200,STRONG_UNIQUE_VALUE,8,First 90 Days Planner for the Netherlands — from India,True,True,True,True,True,123,2136,16,True,,https://www.expatcopilot.com/netherlands/moving/tools/first-90-days/from/india
/netherlands/moving/tools/first-90-days/from/indonesia,indonesia,200,STRONG_UNIQUE_VALUE,8,First 90 Days Planner for the Netherlands — from Indonesia,True,True,True,True,True,135,2694,16,True,,https://www.expatcopilot.com/netherlands/moving/tools/first-90-days/from/indonesia
/netherlands/moving/tools/first-90-days/from/ireland,ireland,200,STRONG_UNIQUE_VALUE,8,First 90 Days Planner for the Netherlands — from Ireland,True,True,True,True,True,115,2527,16,True,,https://www.expatcopilot.com/netherlands/moving/tools/first-90-days/from/ireland
/netherlands/moving/tools/first-90-days/from/italy,italy,200,STRONG_UNIQUE_VALUE,8,First 90 Days Planner for the Netherlands — from Italy,True,True,True,True,True,111,2363,16,True,,https://www.expatcopilot.com/netherlands/moving/tools/first-90-days/from/italy
/netherlands/moving/tools/first-90-days/from/japan,japan,200,STRONG_UNIQUE_VALUE,8,First 90 Days Planner for the Netherlands — from Japan,True,True,True,True,True,123,2377,16,True,,https://www.expatcopilot.com/netherlands/moving/tools/first-90-days/from/japan
/netherlands/moving/tools/first-90-days/from/kenya,kenya,200,STRONG_UNIQUE_VALUE,8,First 90 Days Planner for the Netherlands — from Kenya,True,True,True,True,True,129,2637,16,True,,https://www.expatcopilot.com/netherlands/moving/tools/first-90-days/from/kenya
/netherlands/moving/tools/first-90-days/from/mexico,mexico,200,STRONG_UNIQUE_VALUE,8,First 90 Days Planner for the Netherlands — from Mexico,True,True,True,True,True,123,2469,16,True,,https://www.expatcopilot.com/netherlands/moving/tools/first-90-days/from/mexico
/netherlands/moving/tools/first-90-days/from/new-zealand,new-zealand,200,STRONG_UNIQUE_VALUE,8,First 90 Days Planner for the Netherlands — from New Zealand,True,True,True,True,True,97,2270,16,True,,https://www.expatcopilot.com/netherlands/moving/tools/first-90-days/from/new-zealand
/netherlands/moving/tools/first-90-days/from/norway,norway,200,STRONG_UNIQUE_VALUE,8,First 90 Days Planner for the Netherlands — from Norway,True,True,True,True,True,115,2539,16,True,,https://www.expatcopilot.com/netherlands/moving/tools/first-90-days/from/norway
/netherlands/moving/tools/first-90-days/from/pakistan,pakistan,200,STRONG_UNIQUE_VALUE,8,First 90 Days Planner for the Netherlands — from Pakistan,True,True,True,True,True,131,2641,16,True,,https://www.expatcopilot.com/netherlands/moving/tools/first-90-days/from/pakistan
/netherlands/moving/tools/first-90-days/from/singapore,singapore,200,STRONG_UNIQUE_VALUE,8,First 90 Days Planner for the Netherlands — from Singapore,True,True,True,True,True,133,2360,16,True,,https://www.expatcopilot.com/netherlands/moving/tools/first-90-days/from/singapore
/netherlands/moving/tools/first-90-days/from/south-africa,south-africa,200,STRONG_UNIQUE_VALUE,8,First 90 Days Planner for the Netherlands — from South Africa,True,True,True,True,True,91,2090,16,True,,https://www.expatcopilot.com/netherlands/moving/tools/first-90-days/from/south-africa
/netherlands/moving/tools/first-90-days/from/south-korea,south-korea,200,STRONG_UNIQUE_VALUE,8,First 90 Days Planner for the Netherlands — from South Korea,True,True,True,True,True,105,2447,16,True,,https://www.expatcopilot.com/netherlands/moving/tools/first-90-days/from/south-korea
/netherlands/moving/tools/first-90-days/from/spain,spain,200,STRONG_UNIQUE_VALUE,8,First 90 Days Planner for the Netherlands — from Spain,True,True,True,True,True,111,2325,16,True,,https://www.expatcopilot.com/netherlands/moving/tools/first-90-days/from/spain
/netherlands/moving/tools/first-90-days/from/sweden,sweden,200,STRONG_UNIQUE_VALUE,8,First 90 Days Planner for the Netherlands — from Sweden,True,True,True,True,True,107,2371,16,True,,https://www.expatcopilot.com/netherlands/moving/tools/first-90-days/from/sweden
/netherlands/moving/tools/first-90-days/from/switzerland,switzerland,200,STRONG_UNIQUE_VALUE,8,First 90 Days Planner for the Netherlands — from Switzerland,True,True,True,True,True,113,2470,16,True,,https://www.expatcopilot.com/netherlands/moving/tools/first-90-days/from/switzerland
/netherlands/moving/tools/first-90-days/from/turkey,turkey,200,STRONG_UNIQUE_VALUE,8,First 90 Days Planner for the Netherlands — from Türkiye,True,True,True,True,True,18,2611,16,True,,https://www.expatcopilot.com/netherlands/moving/tools/first-90-days/from/turkey
/netherlands/moving/tools/first-90-days/from/uae,uae,200,ADEQUATE,6,First 90 Days Planner for the Netherlands — from United Arab Emirates,False,True,True,True,True,44,2582,16,True,,https://www.expatcopilot.com/netherlands/moving/tools/first-90-days/from/uae
/netherlands/moving/tools/first-90-days/from/united-kingdom,united-kingdom,200,STRONG_UNIQUE_VALUE,8,First 90 Days Planner for the Netherlands — from United Kingdom,True,True,True,True,True,89,2169,16,True,,https://www.expatcopilot.com/netherlands/moving/tools/first-90-days/from/united-kingdom
/netherlands/moving/tools/first-90-days/from/united-states,united-states,200,STRONG_UNIQUE_VALUE,8,First 90 Days Planner for the Netherlands — from United States,True,True,True,True,True,89,2233,16,True,,https://www.expatcopilot.com/netherlands/moving/tools/first-90-days/from/united-states
/netherlands/moving/tools/moving-checklist/from/argentina,argentina,200,STRONG_UNIQUE_VALUE,8,Moving Checklist for the Netherlands — from Argentina,True,True,True,True,True,127,2606,16,True,,https://www.expatcopilot.com/netherlands/moving/tools/moving-checklist/from/argentina
/netherlands/moving/tools/moving-checklist/from/australia,australia,200,STRONG_UNIQUE_VALUE,8,Moving Checklist for the Netherlands — from Australia,True,True,True,True,True,117,2243,16,True,,https://www.expatcopilot.com/netherlands/moving/tools/moving-checklist/from/australia
/netherlands/moving/tools/moving-checklist/from/brazil,brazil,200,STRONG_UNIQUE_VALUE,8,Moving Checklist for the Netherlands — from Brazil,True,True,True,True,True,131,2460,16,True,,https://www.expatcopilot.com/netherlands/moving/tools/moving-checklist/from/brazil
/netherlands/moving/tools/moving-checklist/from/canada,canada,200,STRONG_UNIQUE_VALUE,8,Moving Checklist for the Netherlands — from Canada,True,True,True,True,True,115,2273,16,True,,https://www.expatcopilot.com/netherlands/moving/tools/moving-checklist/from/canada
/netherlands/moving/tools/moving-checklist/from/chile,chile,200,STRONG_UNIQUE_VALUE,8,Moving Checklist for the Netherlands — from Chile,True,True,True,True,True,133,2592,16,True,,https://www.expatcopilot.com/netherlands/moving/tools/moving-checklist/from/chile
/netherlands/moving/tools/moving-checklist/from/denmark,denmark,200,STRONG_UNIQUE_VALUE,8,Moving Checklist for the Netherlands — from Denmark,True,True,True,True,True,117,2393,16,True,,https://www.expatcopilot.com/netherlands/moving/tools/moving-checklist/from/denmark
/netherlands/moving/tools/moving-checklist/from/france,france,200,STRONG_UNIQUE_VALUE,8,Moving Checklist for the Netherlands — from France,True,True,True,True,True,111,2252,16,True,,https://www.expatcopilot.com/netherlands/moving/tools/moving-checklist/from/france
/netherlands/moving/tools/moving-checklist/from/germany,germany,200,STRONG_UNIQUE_VALUE,8,Moving Checklist for the Netherlands — from Germany,True,True,True,True,True,113,2231,16,True,,https://www.expatcopilot.com/netherlands/moving/tools/moving-checklist/from/germany
/netherlands/moving/tools/moving-checklist/from/india,india,200,STRONG_UNIQUE_VALUE,8,Moving Checklist for the Netherlands — from India,True,True,True,True,True,125,2235,16,True,,https://www.expatcopilot.com/netherlands/moving/tools/moving-checklist/from/india
/netherlands/moving/tools/moving-checklist/from/indonesia,indonesia,200,STRONG_UNIQUE_VALUE,8,Moving Checklist for the Netherlands — from Indonesia,True,True,True,True,True,142,2818,16,True,,https://www.expatcopilot.com/netherlands/moving/tools/moving-checklist/from/indonesia
/netherlands/moving/tools/moving-checklist/from/ireland,ireland,200,STRONG_UNIQUE_VALUE,8,Moving Checklist for the Netherlands — from Ireland,True,True,True,True,True,117,2497,16,True,,https://www.expatcopilot.com/netherlands/moving/tools/moving-checklist/from/ireland
/netherlands/moving/tools/moving-checklist/from/italy,italy,200,STRONG_UNIQUE_VALUE,8,Moving Checklist for the Netherlands — from Italy,True,True,True,True,True,113,2328,16,True,,https://www.expatcopilot.com/netherlands/moving/tools/moving-checklist/from/italy
/netherlands/moving/tools/moving-checklist/from/japan,japan,200,STRONG_UNIQUE_VALUE,8,Moving Checklist for the Netherlands — from Japan,True,True,True,True,True,125,2419,16,True,,https://www.expatcopilot.com/netherlands/moving/tools/moving-checklist/from/japan
/netherlands/moving/tools/moving-checklist/from/kenya,kenya,200,STRONG_UNIQUE_VALUE,8,Moving Checklist for the Netherlands — from Kenya,True,True,True,True,True,136,2763,16,True,,https://www.expatcopilot.com/netherlands/moving/tools/moving-checklist/from/kenya
/netherlands/moving/tools/moving-checklist/from/mexico,mexico,200,STRONG_UNIQUE_VALUE,8,Moving Checklist for the Netherlands — from Mexico,True,True,True,True,True,123,2474,16,True,,https://www.expatcopilot.com/netherlands/moving/tools/moving-checklist/from/mexico
/netherlands/moving/tools/moving-checklist/from/new-zealand,new-zealand,200,STRONG_UNIQUE_VALUE,8,Moving Checklist for the Netherlands — from New Zealand,True,True,True,True,True,99,2291,16,True,,https://www.expatcopilot.com/netherlands/moving/tools/moving-checklist/from/new-zealand
/netherlands/moving/tools/moving-checklist/from/norway,norway,200,STRONG_UNIQUE_VALUE,8,Moving Checklist for the Netherlands — from Norway,True,True,True,True,True,117,2526,16,True,,https://www.expatcopilot.com/netherlands/moving/tools/moving-checklist/from/norway
/netherlands/moving/tools/moving-checklist/from/pakistan,pakistan,200,STRONG_UNIQUE_VALUE,8,Moving Checklist for the Netherlands — from Pakistan,True,True,True,True,True,138,2792,16,True,,https://www.expatcopilot.com/netherlands/moving/tools/moving-checklist/from/pakistan
/netherlands/moving/tools/moving-checklist/from/singapore,singapore,200,STRONG_UNIQUE_VALUE,8,Moving Checklist for the Netherlands — from Singapore,True,True,True,True,True,131,2384,16,True,,https://www.expatcopilot.com/netherlands/moving/tools/moving-checklist/from/singapore
/netherlands/moving/tools/moving-checklist/from/south-africa,south-africa,200,STRONG_UNIQUE_VALUE,8,Moving Checklist for the Netherlands — from South Africa,True,True,True,True,True,95,2246,16,True,,https://www.expatcopilot.com/netherlands/moving/tools/moving-checklist/from/south-africa
/netherlands/moving/tools/moving-checklist/from/south-korea,south-korea,200,STRONG_UNIQUE_VALUE,8,Moving Checklist for the Netherlands — from South Korea,True,True,True,True,True,105,2501,16,True,,https://www.expatcopilot.com/netherlands/moving/tools/moving-checklist/from/south-korea
/netherlands/moving/tools/moving-checklist/from/spain,spain,200,STRONG_UNIQUE_VALUE,8,Moving Checklist for the Netherlands — from Spain,True,True,True,True,True,113,2298,16,True,,https://www.expatcopilot.com/netherlands/moving/tools/moving-checklist/from/spain
/netherlands/moving/tools/moving-checklist/from/sweden,sweden,200,STRONG_UNIQUE_VALUE,8,Moving Checklist for the Netherlands — from Sweden,True,True,True,True,True,109,2384,16,True,,https://www.expatcopilot.com/netherlands/moving/tools/moving-checklist/from/sweden
/netherlands/moving/tools/moving-checklist/from/switzerland,switzerland,200,STRONG_UNIQUE_VALUE,8,Moving Checklist for the Netherlands — from Switzerland,True,True,True,True,True,117,2495,16,True,,https://www.expatcopilot.com/netherlands/moving/tools/moving-checklist/from/switzerland
/netherlands/moving/tools/moving-checklist/from/turkey,turkey,200,STRONG_UNIQUE_VALUE,8,Moving Checklist for the Netherlands — from Türkiye,True,True,True,True,True,18,2685,16,True,,https://www.expatcopilot.com/netherlands/moving/tools/moving-checklist/from/turkey
/netherlands/moving/tools/moving-checklist/from/uae,uae,200,ADEQUATE,6,Moving Checklist for the Netherlands — from United Arab Emirates,False,True,True,True,True,50,2566,16,True,,https://www.expatcopilot.com/netherlands/moving/tools/moving-checklist/from/uae
/netherlands/moving/tools/moving-checklist/from/united-kingdom,united-kingdom,200,STRONG_UNIQUE_VALUE,8,Moving Checklist for the Netherlands — from United Kingdom,True,True,True,True,True,81,2234,16,True,,https://www.expatcopilot.com/netherlands/moving/tools/moving-checklist/from/united-kingdom
/netherlands/moving/tools/moving-checklist/from/united-states,united-states,200,STRONG_UNIQUE_VALUE,8,Moving Checklist for the Netherlands — from United States,True,True,True,True,True,86,2324,16,True,,https://www.expatcopilot.com/netherlands/moving/tools/moving-checklist/from/united-states
