url,cluster,orphan,near_orphan,contextual_inlinks,href_inlinks,navigation_inlinks,sitewide_or_nav_target,explore_block,related_content_listed,crawl_depth_home,crawl_depth_hub,parent_hub,intent,severity,notes
https://www.expatcopilot.com/netherlands/culture/communication-style/,culture_life,yes,no,0,0,0,no,no,no,,,https://www.expatcopilot.com/netherlands/living/survival-guide/,INDEXABLE,P1,orphan: no internal inlinks in crawl graph; outlinks_to_redirects=3; outlinks_to_404=3; no_anchor_samples; hub_relationship=links_to_parent_hub
https://www.expatcopilot.com/netherlands/culture/hierarchy-and-flatness/,culture_life,no,yes,1,1,0,no,no,no,5,5,https://www.expatcopilot.com/netherlands/living/survival-guide/,INDEXABLE,P2,near-orphan: ≤1 contextual inlink; >3 clicks from cluster hub (depth_hub=5); deep from NL hub (depth_home=5); outlinks_to_redirects=1; outlinks_to_404=3; descriptive_anchor_ratio=1.00 n=1; hub_relationship=links_to_parent_hub; strongest_contextual_source=/netherlands/culture/meetings-and-consensus/
https://www.expatcopilot.com/netherlands/culture/sinterklaas/,culture_life,yes,no,0,0,0,no,no,no,,,https://www.expatcopilot.com/netherlands/living/survival-guide/,INDEXABLE,P1,orphan: no internal inlinks in crawl graph; outlinks_to_redirects=1; outlinks_to_404=3; no_anchor_samples; hub_relationship=links_to_parent_hub
https://www.expatcopilot.com/netherlands/culture/time-and-boundaries/,culture_life,no,yes,1,1,0,no,no,no,5,5,https://www.expatcopilot.com/netherlands/living/survival-guide/,INDEXABLE,P2,near-orphan: ≤1 contextual inlink; >3 clicks from cluster hub (depth_hub=5); deep from NL hub (depth_home=5); outlinks_to_redirects=1; outlinks_to_404=3; descriptive_anchor_ratio=1.00 n=1; hub_relationship=links_to_parent_hub; strongest_contextual_source=/netherlands/culture/invitations-and-planning/
https://www.expatcopilot.com/netherlands/culture/what-feels-normal-in-dutch-daily-life/,culture_life,yes,no,0,0,0,no,no,no,,,https://www.expatcopilot.com/netherlands/living/survival-guide/,INDEXABLE,P1,orphan: no internal inlinks in crawl graph; outlinks_to_redirects=1; outlinks_to_404=3; no_anchor_samples; hub_relationship=links_to_parent_hub
https://www.expatcopilot.com/netherlands/living/government-portals-overview/,netherlands_other,yes,no,0,0,0,no,no,no,,,,INDEXABLE,P1,orphan: no internal inlinks in crawl graph; outlinks_to_redirects=1; outlinks_to_404=3; no_anchor_samples; hub_relationship=weak_or_missing_hub_link
https://www.expatcopilot.com/netherlands/moving/tools/arrival-planner/from/argentina/,moving,yes,no,0,0,0,no,no,no,,,https://www.expatcopilot.com/netherlands/moving-to-the-netherlands/,INDEXABLE,P1,orphan: no internal inlinks in crawl graph; outlinks_to_redirects=1; outlinks_to_404=2; no_anchor_samples; hub_relationship=links_to_parent_hub
https://www.expatcopilot.com/netherlands/moving/tools/arrival-planner/from/australia/,moving,yes,no,0,0,0,no,no,no,,,https://www.expatcopilot.com/netherlands/moving-to-the-netherlands/,INDEXABLE,P1,orphan: no internal inlinks in crawl graph; outlinks_to_redirects=1; outlinks_to_404=2; no_anchor_samples; hub_relationship=links_to_parent_hub
https://www.expatcopilot.com/netherlands/moving/tools/arrival-planner/from/brazil/,moving,yes,no,0,0,0,no,no,no,,,https://www.expatcopilot.com/netherlands/moving-to-the-netherlands/,INDEXABLE,P1,orphan: no internal inlinks in crawl graph; outlinks_to_redirects=1; outlinks_to_404=2; no_anchor_samples; hub_relationship=links_to_parent_hub
https://www.expatcopilot.com/netherlands/moving/tools/arrival-planner/from/canada/,moving,yes,no,0,0,0,no,no,no,,,https://www.expatcopilot.com/netherlands/moving-to-the-netherlands/,INDEXABLE,P1,orphan: no internal inlinks in crawl graph; outlinks_to_redirects=1; outlinks_to_404=2; no_anchor_samples; hub_relationship=links_to_parent_hub
https://www.expatcopilot.com/netherlands/moving/tools/arrival-planner/from/chile/,moving,yes,no,0,0,0,no,no,no,,,https://www.expatcopilot.com/netherlands/moving-to-the-netherlands/,INDEXABLE,P1,orphan: no internal inlinks in crawl graph; outlinks_to_redirects=1; outlinks_to_404=2; no_anchor_samples; hub_relationship=links_to_parent_hub
https://www.expatcopilot.com/netherlands/moving/tools/arrival-planner/from/denmark/,moving,yes,no,0,0,0,no,no,no,,,https://www.expatcopilot.com/netherlands/moving-to-the-netherlands/,INDEXABLE,P1,orphan: no internal inlinks in crawl graph; outlinks_to_redirects=1; outlinks_to_404=2; no_anchor_samples; hub_relationship=links_to_parent_hub
https://www.expatcopilot.com/netherlands/moving/tools/arrival-planner/from/france/,moving,yes,no,0,0,0,no,no,no,,,https://www.expatcopilot.com/netherlands/moving-to-the-netherlands/,INDEXABLE,P1,orphan: no internal inlinks in crawl graph; outlinks_to_redirects=1; outlinks_to_404=2; no_anchor_samples; hub_relationship=links_to_parent_hub
https://www.expatcopilot.com/netherlands/moving/tools/arrival-planner/from/germany/,moving,yes,no,0,0,0,no,no,no,,,https://www.expatcopilot.com/netherlands/moving-to-the-netherlands/,INDEXABLE,P1,orphan: no internal inlinks in crawl graph; outlinks_to_redirects=1; outlinks_to_404=2; no_anchor_samples; hub_relationship=links_to_parent_hub
https://www.expatcopilot.com/netherlands/moving/tools/arrival-planner/from/india/,moving,yes,no,0,0,0,no,no,no,,,https://www.expatcopilot.com/netherlands/moving-to-the-netherlands/,INDEXABLE,P1,orphan: no internal inlinks in crawl graph; outlinks_to_redirects=1; outlinks_to_404=2; no_anchor_samples; hub_relationship=links_to_parent_hub
https://www.expatcopilot.com/netherlands/moving/tools/arrival-planner/from/indonesia/,moving,yes,no,0,0,0,no,no,no,,,https://www.expatcopilot.com/netherlands/moving-to-the-netherlands/,INDEXABLE,P1,orphan: no internal inlinks in crawl graph; outlinks_to_redirects=1; outlinks_to_404=2; no_anchor_samples; hub_relationship=links_to_parent_hub
https://www.expatcopilot.com/netherlands/moving/tools/arrival-planner/from/ireland/,moving,yes,no,0,0,0,no,no,no,,,https://www.expatcopilot.com/netherlands/moving-to-the-netherlands/,INDEXABLE,P1,orphan: no internal inlinks in crawl graph; outlinks_to_redirects=1; outlinks_to_404=2; no_anchor_samples; hub_relationship=links_to_parent_hub
https://www.expatcopilot.com/netherlands/moving/tools/arrival-planner/from/italy/,moving,yes,no,0,0,0,no,no,no,,,https://www.expatcopilot.com/netherlands/moving-to-the-netherlands/,INDEXABLE,P1,orphan: no internal inlinks in crawl graph; outlinks_to_redirects=1; outlinks_to_404=2; no_anchor_samples; hub_relationship=links_to_parent_hub
https://www.expatcopilot.com/netherlands/moving/tools/arrival-planner/from/japan/,moving,yes,no,0,0,0,no,no,no,,,https://www.expatcopilot.com/netherlands/moving-to-the-netherlands/,INDEXABLE,P1,orphan: no internal inlinks in crawl graph; outlinks_to_redirects=1; outlinks_to_404=2; no_anchor_samples; hub_relationship=links_to_parent_hub
https://www.expatcopilot.com/netherlands/moving/tools/arrival-planner/from/kenya/,moving,yes,no,0,0,0,no,no,no,,,https://www.expatcopilot.com/netherlands/moving-to-the-netherlands/,INDEXABLE,P1,orphan: no internal inlinks in crawl graph; outlinks_to_redirects=1; outlinks_to_404=2; no_anchor_samples; hub_relationship=links_to_parent_hub
https://www.expatcopilot.com/netherlands/moving/tools/arrival-planner/from/mexico/,moving,yes,no,0,0,0,no,no,no,,,https://www.expatcopilot.com/netherlands/moving-to-the-netherlands/,INDEXABLE,P1,orphan: no internal inlinks in crawl graph; outlinks_to_redirects=1; outlinks_to_404=2; no_anchor_samples; hub_relationship=links_to_parent_hub
https://www.expatcopilot.com/netherlands/moving/tools/arrival-planner/from/new-zealand/,moving,yes,no,0,0,0,no,no,no,,,https://www.expatcopilot.com/netherlands/moving-to-the-netherlands/,INDEXABLE,P1,orphan: no internal inlinks in crawl graph; outlinks_to_redirects=1; outlinks_to_404=2; no_anchor_samples; hub_relationship=links_to_parent_hub
https://www.expatcopilot.com/netherlands/moving/tools/arrival-planner/from/nigeria/,moving,yes,no,0,0,0,no,no,no,,,https://www.expatcopilot.com/netherlands/moving-to-the-netherlands/,INDEXABLE,P0,orphan: no internal inlinks in crawl graph; weak logical hub relationship; URL 404 in production despite sitemap; no_anchor_samples; hub_relationship=weak_or_missing_hub_link
https://www.expatcopilot.com/netherlands/moving/tools/arrival-planner/from/norway/,moving,yes,no,0,0,0,no,no,no,,,https://www.expatcopilot.com/netherlands/moving-to-the-netherlands/,INDEXABLE,P1,orphan: no internal inlinks in crawl graph; outlinks_to_redirects=1; outlinks_to_404=2; no_anchor_samples; hub_relationship=links_to_parent_hub
https://www.expatcopilot.com/netherlands/moving/tools/arrival-planner/from/pakistan/,moving,yes,no,0,0,0,no,no,no,,,https://www.expatcopilot.com/netherlands/moving-to-the-netherlands/,INDEXABLE,P1,orphan: no internal inlinks in crawl graph; outlinks_to_redirects=1; outlinks_to_404=2; no_anchor_samples; hub_relationship=links_to_parent_hub
https://www.expatcopilot.com/netherlands/moving/tools/arrival-planner/from/philippines/,moving,yes,no,0,0,0,no,no,no,,,https://www.expatcopilot.com/netherlands/moving-to-the-netherlands/,INDEXABLE,P0,orphan: no internal inlinks in crawl graph; weak logical hub relationship; URL 404 in production despite sitemap; no_anchor_samples; hub_relationship=weak_or_missing_hub_link
https://www.expatcopilot.com/netherlands/moving/tools/arrival-planner/from/singapore/,moving,yes,no,0,0,0,no,no,no,,,https://www.expatcopilot.com/netherlands/moving-to-the-netherlands/,INDEXABLE,P1,orphan: no internal inlinks in crawl graph; outlinks_to_redirects=1; outlinks_to_404=2; no_anchor_samples; hub_relationship=links_to_parent_hub
https://www.expatcopilot.com/netherlands/moving/tools/arrival-planner/from/south-africa/,moving,yes,no,0,0,0,no,no,no,,,https://www.expatcopilot.com/netherlands/moving-to-the-netherlands/,INDEXABLE,P1,orphan: no internal inlinks in crawl graph; outlinks_to_redirects=1; outlinks_to_404=2; no_anchor_samples; hub_relationship=links_to_parent_hub
https://www.expatcopilot.com/netherlands/moving/tools/arrival-planner/from/south-korea/,moving,yes,no,0,0,0,no,no,no,,,https://www.expatcopilot.com/netherlands/moving-to-the-netherlands/,INDEXABLE,P1,orphan: no internal inlinks in crawl graph; outlinks_to_redirects=1; outlinks_to_404=2; no_anchor_samples; hub_relationship=links_to_parent_hub
https://www.expatcopilot.com/netherlands/moving/tools/arrival-planner/from/spain/,moving,yes,no,0,0,0,no,no,no,,,https://www.expatcopilot.com/netherlands/moving-to-the-netherlands/,INDEXABLE,P1,orphan: no internal inlinks in crawl graph; outlinks_to_redirects=1; outlinks_to_404=2; no_anchor_samples; hub_relationship=links_to_parent_hub
https://www.expatcopilot.com/netherlands/moving/tools/arrival-planner/from/sweden/,moving,yes,no,0,0,0,no,no,no,,,https://www.expatcopilot.com/netherlands/moving-to-the-netherlands/,INDEXABLE,P1,orphan: no internal inlinks in crawl graph; outlinks_to_redirects=1; outlinks_to_404=2; no_anchor_samples; hub_relationship=links_to_parent_hub
https://www.expatcopilot.com/netherlands/moving/tools/arrival-planner/from/switzerland/,moving,yes,no,0,0,0,no,no,no,,,https://www.expatcopilot.com/netherlands/moving-to-the-netherlands/,INDEXABLE,P1,orphan: no internal inlinks in crawl graph; outlinks_to_redirects=1; outlinks_to_404=2; no_anchor_samples; hub_relationship=links_to_parent_hub
https://www.expatcopilot.com/netherlands/moving/tools/arrival-planner/from/turkey/,moving,yes,no,0,0,0,no,no,no,,,https://www.expatcopilot.com/netherlands/moving-to-the-netherlands/,INDEXABLE,P1,orphan: no internal inlinks in crawl graph; outlinks_to_redirects=1; outlinks_to_404=2; no_anchor_samples; hub_relationship=links_to_parent_hub
https://www.expatcopilot.com/netherlands/moving/tools/arrival-planner/from/uae/,moving,yes,no,0,0,0,no,no,no,,,https://www.expatcopilot.com/netherlands/moving-to-the-netherlands/,INDEXABLE,P1,orphan: no internal inlinks in crawl graph; outlinks_to_redirects=1; outlinks_to_404=2; no_anchor_samples; hub_relationship=links_to_parent_hub
https://www.expatcopilot.com/netherlands/moving/tools/arrival-planner/from/united-kingdom/,moving,yes,no,0,0,0,no,no,no,,,https://www.expatcopilot.com/netherlands/moving-to-the-netherlands/,INDEXABLE,P1,orphan: no internal inlinks in crawl graph; outlinks_to_redirects=1; outlinks_to_404=2; no_anchor_samples; hub_relationship=links_to_parent_hub
https://www.expatcopilot.com/netherlands/moving/tools/arrival-planner/from/united-states/,moving,yes,no,0,0,0,no,no,no,,,https://www.expatcopilot.com/netherlands/moving-to-the-netherlands/,INDEXABLE,P1,orphan: no internal inlinks in crawl graph; outlinks_to_redirects=1; outlinks_to_404=2; no_anchor_samples; hub_relationship=links_to_parent_hub
https://www.expatcopilot.com/netherlands/moving/tools/document-readiness/from/argentina/,moving,yes,no,0,0,0,no,no,no,,,https://www.expatcopilot.com/netherlands/moving-to-the-netherlands/,INDEXABLE,P1,orphan: no internal inlinks in crawl graph; outlinks_to_redirects=7; outlinks_to_404=2; no_anchor_samples; hub_relationship=links_to_parent_hub
https://www.expatcopilot.com/netherlands/moving/tools/document-readiness/from/australia/,moving,yes,no,0,0,0,no,no,no,,,https://www.expatcopilot.com/netherlands/moving-to-the-netherlands/,INDEXABLE,P1,orphan: no internal inlinks in crawl graph; outlinks_to_redirects=7; outlinks_to_404=2; no_anchor_samples; hub_relationship=links_to_parent_hub
https://www.expatcopilot.com/netherlands/moving/tools/document-readiness/from/brazil/,moving,yes,no,0,0,0,no,no,no,,,https://www.expatcopilot.com/netherlands/moving-to-the-netherlands/,INDEXABLE,P1,orphan: no internal inlinks in crawl graph; outlinks_to_redirects=7; outlinks_to_404=2; no_anchor_samples; hub_relationship=links_to_parent_hub
https://www.expatcopilot.com/netherlands/moving/tools/document-readiness/from/canada/,moving,yes,no,0,0,0,no,no,no,,,https://www.expatcopilot.com/netherlands/moving-to-the-netherlands/,INDEXABLE,P1,orphan: no internal inlinks in crawl graph; outlinks_to_redirects=7; outlinks_to_404=2; no_anchor_samples; hub_relationship=links_to_parent_hub
https://www.expatcopilot.com/netherlands/moving/tools/document-readiness/from/chile/,moving,yes,no,0,0,0,no,no,no,,,https://www.expatcopilot.com/netherlands/moving-to-the-netherlands/,INDEXABLE,P1,orphan: no internal inlinks in crawl graph; outlinks_to_redirects=7; outlinks_to_404=2; no_anchor_samples; hub_relationship=links_to_parent_hub
https://www.expatcopilot.com/netherlands/moving/tools/document-readiness/from/denmark/,moving,yes,no,0,0,0,no,no,no,,,https://www.expatcopilot.com/netherlands/moving-to-the-netherlands/,INDEXABLE,P1,orphan: no internal inlinks in crawl graph; outlinks_to_redirects=7; outlinks_to_404=2; no_anchor_samples; hub_relationship=links_to_parent_hub
https://www.expatcopilot.com/netherlands/moving/tools/document-readiness/from/france/,moving,yes,no,0,0,0,no,no,no,,,https://www.expatcopilot.com/netherlands/moving-to-the-netherlands/,INDEXABLE,P1,orphan: no internal inlinks in crawl graph; outlinks_to_redirects=7; outlinks_to_404=2; no_anchor_samples; hub_relationship=links_to_parent_hub
https://www.expatcopilot.com/netherlands/moving/tools/document-readiness/from/germany/,moving,yes,no,0,0,0,no,no,no,,,https://www.expatcopilot.com/netherlands/moving-to-the-netherlands/,INDEXABLE,P1,orphan: no internal inlinks in crawl graph; outlinks_to_redirects=7; outlinks_to_404=2; no_anchor_samples; hub_relationship=links_to_parent_hub
https://www.expatcopilot.com/netherlands/moving/tools/document-readiness/from/india/,moving,yes,no,0,0,0,no,no,no,,,https://www.expatcopilot.com/netherlands/moving-to-the-netherlands/,INDEXABLE,P1,orphan: no internal inlinks in crawl graph; outlinks_to_redirects=7; outlinks_to_404=2; no_anchor_samples; hub_relationship=links_to_parent_hub
https://www.expatcopilot.com/netherlands/moving/tools/document-readiness/from/indonesia/,moving,yes,no,0,0,0,no,no,no,,,https://www.expatcopilot.com/netherlands/moving-to-the-netherlands/,INDEXABLE,P1,orphan: no internal inlinks in crawl graph; outlinks_to_redirects=7; outlinks_to_404=2; no_anchor_samples; hub_relationship=links_to_parent_hub
https://www.expatcopilot.com/netherlands/moving/tools/document-readiness/from/ireland/,moving,yes,no,0,0,0,no,no,no,,,https://www.expatcopilot.com/netherlands/moving-to-the-netherlands/,INDEXABLE,P1,orphan: no internal inlinks in crawl graph; outlinks_to_redirects=7; outlinks_to_404=2; no_anchor_samples; hub_relationship=links_to_parent_hub
https://www.expatcopilot.com/netherlands/moving/tools/document-readiness/from/italy/,moving,yes,no,0,0,0,no,no,no,,,https://www.expatcopilot.com/netherlands/moving-to-the-netherlands/,INDEXABLE,P1,orphan: no internal inlinks in crawl graph; outlinks_to_redirects=7; outlinks_to_404=2; no_anchor_samples; hub_relationship=links_to_parent_hub
https://www.expatcopilot.com/netherlands/moving/tools/document-readiness/from/japan/,moving,yes,no,0,0,0,no,no,no,,,https://www.expatcopilot.com/netherlands/moving-to-the-netherlands/,INDEXABLE,P1,orphan: no internal inlinks in crawl graph; outlinks_to_redirects=7; outlinks_to_404=2; no_anchor_samples; hub_relationship=links_to_parent_hub
https://www.expatcopilot.com/netherlands/moving/tools/document-readiness/from/kenya/,moving,yes,no,0,0,0,no,no,no,,,https://www.expatcopilot.com/netherlands/moving-to-the-netherlands/,INDEXABLE,P1,orphan: no internal inlinks in crawl graph; outlinks_to_redirects=7; outlinks_to_404=2; no_anchor_samples; hub_relationship=links_to_parent_hub
https://www.expatcopilot.com/netherlands/moving/tools/document-readiness/from/mexico/,moving,yes,no,0,0,0,no,no,no,,,https://www.expatcopilot.com/netherlands/moving-to-the-netherlands/,INDEXABLE,P1,orphan: no internal inlinks in crawl graph; outlinks_to_redirects=7; outlinks_to_404=2; no_anchor_samples; hub_relationship=links_to_parent_hub
https://www.expatcopilot.com/netherlands/moving/tools/document-readiness/from/new-zealand/,moving,yes,no,0,0,0,no,no,no,,,https://www.expatcopilot.com/netherlands/moving-to-the-netherlands/,INDEXABLE,P1,orphan: no internal inlinks in crawl graph; outlinks_to_redirects=7; outlinks_to_404=2; no_anchor_samples; hub_relationship=links_to_parent_hub
https://www.expatcopilot.com/netherlands/moving/tools/document-readiness/from/nigeria/,moving,yes,no,0,0,0,no,no,no,,,https://www.expatcopilot.com/netherlands/moving-to-the-netherlands/,INDEXABLE,P0,orphan: no internal inlinks in crawl graph; weak logical hub relationship; URL 404 in production despite sitemap; no_anchor_samples; hub_relationship=weak_or_missing_hub_link
https://www.expatcopilot.com/netherlands/moving/tools/document-readiness/from/norway/,moving,yes,no,0,0,0,no,no,no,,,https://www.expatcopilot.com/netherlands/moving-to-the-netherlands/,INDEXABLE,P1,orphan: no internal inlinks in crawl graph; outlinks_to_redirects=7; outlinks_to_404=2; no_anchor_samples; hub_relationship=links_to_parent_hub
https://www.expatcopilot.com/netherlands/moving/tools/document-readiness/from/pakistan/,moving,yes,no,0,0,0,no,no,no,,,https://www.expatcopilot.com/netherlands/moving-to-the-netherlands/,INDEXABLE,P1,orphan: no internal inlinks in crawl graph; outlinks_to_redirects=7; outlinks_to_404=2; no_anchor_samples; hub_relationship=links_to_parent_hub
https://www.expatcopilot.com/netherlands/moving/tools/document-readiness/from/philippines/,moving,yes,no,0,0,0,no,no,no,,,https://www.expatcopilot.com/netherlands/moving-to-the-netherlands/,INDEXABLE,P0,orphan: no internal inlinks in crawl graph; weak logical hub relationship; URL 404 in production despite sitemap; no_anchor_samples; hub_relationship=weak_or_missing_hub_link
https://www.expatcopilot.com/netherlands/moving/tools/document-readiness/from/singapore/,moving,yes,no,0,0,0,no,no,no,,,https://www.expatcopilot.com/netherlands/moving-to-the-netherlands/,INDEXABLE,P1,orphan: no internal inlinks in crawl graph; outlinks_to_redirects=7; outlinks_to_404=2; no_anchor_samples; hub_relationship=links_to_parent_hub
https://www.expatcopilot.com/netherlands/moving/tools/document-readiness/from/south-africa/,moving,yes,no,0,0,0,no,no,no,,,https://www.expatcopilot.com/netherlands/moving-to-the-netherlands/,INDEXABLE,P1,orphan: no internal inlinks in crawl graph; outlinks_to_redirects=7; outlinks_to_404=2; no_anchor_samples; hub_relationship=links_to_parent_hub
https://www.expatcopilot.com/netherlands/moving/tools/document-readiness/from/south-korea/,moving,yes,no,0,0,0,no,no,no,,,https://www.expatcopilot.com/netherlands/moving-to-the-netherlands/,INDEXABLE,P1,orphan: no internal inlinks in crawl graph; outlinks_to_redirects=7; outlinks_to_404=2; no_anchor_samples; hub_relationship=links_to_parent_hub
https://www.expatcopilot.com/netherlands/moving/tools/document-readiness/from/spain/,moving,yes,no,0,0,0,no,no,no,,,https://www.expatcopilot.com/netherlands/moving-to-the-netherlands/,INDEXABLE,P1,orphan: no internal inlinks in crawl graph; outlinks_to_redirects=7; outlinks_to_404=2; no_anchor_samples; hub_relationship=links_to_parent_hub
https://www.expatcopilot.com/netherlands/moving/tools/document-readiness/from/sweden/,moving,yes,no,0,0,0,no,no,no,,,https://www.expatcopilot.com/netherlands/moving-to-the-netherlands/,INDEXABLE,P1,orphan: no internal inlinks in crawl graph; outlinks_to_redirects=7; outlinks_to_404=2; no_anchor_samples; hub_relationship=links_to_parent_hub
https://www.expatcopilot.com/netherlands/moving/tools/document-readiness/from/switzerland/,moving,yes,no,0,0,0,no,no,no,,,https://www.expatcopilot.com/netherlands/moving-to-the-netherlands/,INDEXABLE,P1,orphan: no internal inlinks in crawl graph; outlinks_to_redirects=7; outlinks_to_404=2; no_anchor_samples; hub_relationship=links_to_parent_hub
https://www.expatcopilot.com/netherlands/moving/tools/document-readiness/from/turkey/,moving,yes,no,0,0,0,no,no,no,,,https://www.expatcopilot.com/netherlands/moving-to-the-netherlands/,INDEXABLE,P1,orphan: no internal inlinks in crawl graph; outlinks_to_redirects=7; outlinks_to_404=2; no_anchor_samples; hub_relationship=links_to_parent_hub
https://www.expatcopilot.com/netherlands/moving/tools/document-readiness/from/uae/,moving,yes,no,0,0,0,no,no,no,,,https://www.expatcopilot.com/netherlands/moving-to-the-netherlands/,INDEXABLE,P1,orphan: no internal inlinks in crawl graph; outlinks_to_redirects=7; outlinks_to_404=2; no_anchor_samples; hub_relationship=links_to_parent_hub
https://www.expatcopilot.com/netherlands/moving/tools/document-readiness/from/united-kingdom/,moving,yes,no,0,0,0,no,no,no,,,https://www.expatcopilot.com/netherlands/moving-to-the-netherlands/,INDEXABLE,P1,orphan: no internal inlinks in crawl graph; outlinks_to_redirects=7; outlinks_to_404=2; no_anchor_samples; hub_relationship=links_to_parent_hub
https://www.expatcopilot.com/netherlands/moving/tools/document-readiness/from/united-states/,moving,yes,no,0,0,0,no,no,no,,,https://www.expatcopilot.com/netherlands/moving-to-the-netherlands/,INDEXABLE,P1,orphan: no internal inlinks in crawl graph; outlinks_to_redirects=7; outlinks_to_404=2; no_anchor_samples; hub_relationship=links_to_parent_hub
https://www.expatcopilot.com/netherlands/moving/tools/first-90-days/from/argentina/,first_90_days,yes,no,0,0,0,no,no,no,,,https://www.expatcopilot.com/netherlands/after-arriving-netherlands/,INDEXABLE,P1,orphan: no internal inlinks in crawl graph; outlinks_to_redirects=1; outlinks_to_404=2; no_anchor_samples; hub_relationship=links_to_parent_hub
https://www.expatcopilot.com/netherlands/moving/tools/first-90-days/from/australia/,first_90_days,yes,no,0,0,0,no,no,no,,,https://www.expatcopilot.com/netherlands/after-arriving-netherlands/,INDEXABLE,P1,orphan: no internal inlinks in crawl graph; outlinks_to_redirects=1; outlinks_to_404=2; no_anchor_samples; hub_relationship=links_to_parent_hub
https://www.expatcopilot.com/netherlands/moving/tools/first-90-days/from/brazil/,first_90_days,yes,no,0,0,0,no,no,no,,,https://www.expatcopilot.com/netherlands/after-arriving-netherlands/,INDEXABLE,P1,orphan: no internal inlinks in crawl graph; outlinks_to_redirects=1; outlinks_to_404=2; no_anchor_samples; hub_relationship=links_to_parent_hub
https://www.expatcopilot.com/netherlands/moving/tools/first-90-days/from/canada/,first_90_days,yes,no,0,0,0,no,no,no,,,https://www.expatcopilot.com/netherlands/after-arriving-netherlands/,INDEXABLE,P1,orphan: no internal inlinks in crawl graph; outlinks_to_redirects=1; outlinks_to_404=2; no_anchor_samples; hub_relationship=links_to_parent_hub
https://www.expatcopilot.com/netherlands/moving/tools/first-90-days/from/chile/,first_90_days,yes,no,0,0,0,no,no,no,,,https://www.expatcopilot.com/netherlands/after-arriving-netherlands/,INDEXABLE,P1,orphan: no internal inlinks in crawl graph; outlinks_to_redirects=1; outlinks_to_404=2; no_anchor_samples; hub_relationship=links_to_parent_hub
https://www.expatcopilot.com/netherlands/moving/tools/first-90-days/from/denmark/,first_90_days,yes,no,0,0,0,no,no,no,,,https://www.expatcopilot.com/netherlands/after-arriving-netherlands/,INDEXABLE,P1,orphan: no internal inlinks in crawl graph; outlinks_to_redirects=1; outlinks_to_404=2; no_anchor_samples; hub_relationship=links_to_parent_hub
https://www.expatcopilot.com/netherlands/moving/tools/first-90-days/from/france/,first_90_days,yes,no,0,0,0,no,no,no,,,https://www.expatcopilot.com/netherlands/after-arriving-netherlands/,INDEXABLE,P1,orphan: no internal inlinks in crawl graph; outlinks_to_redirects=1; outlinks_to_404=2; no_anchor_samples; hub_relationship=links_to_parent_hub
https://www.expatcopilot.com/netherlands/moving/tools/first-90-days/from/germany/,first_90_days,yes,no,0,0,0,no,no,no,,,https://www.expatcopilot.com/netherlands/after-arriving-netherlands/,INDEXABLE,P1,orphan: no internal inlinks in crawl graph; outlinks_to_redirects=1; outlinks_to_404=2; no_anchor_samples; hub_relationship=links_to_parent_hub
https://www.expatcopilot.com/netherlands/moving/tools/first-90-days/from/india/,first_90_days,yes,no,0,0,0,no,no,no,,,https://www.expatcopilot.com/netherlands/after-arriving-netherlands/,INDEXABLE,P1,orphan: no internal inlinks in crawl graph; outlinks_to_redirects=1; outlinks_to_404=2; no_anchor_samples; hub_relationship=links_to_parent_hub
https://www.expatcopilot.com/netherlands/moving/tools/first-90-days/from/indonesia/,first_90_days,yes,no,0,0,0,no,no,no,,,https://www.expatcopilot.com/netherlands/after-arriving-netherlands/,INDEXABLE,P1,orphan: no internal inlinks in crawl graph; outlinks_to_redirects=1; outlinks_to_404=2; no_anchor_samples; hub_relationship=links_to_parent_hub
https://www.expatcopilot.com/netherlands/moving/tools/first-90-days/from/ireland/,first_90_days,yes,no,0,0,0,no,no,no,,,https://www.expatcopilot.com/netherlands/after-arriving-netherlands/,INDEXABLE,P1,orphan: no internal inlinks in crawl graph; outlinks_to_redirects=1; outlinks_to_404=2; no_anchor_samples; hub_relationship=links_to_parent_hub
https://www.expatcopilot.com/netherlands/moving/tools/first-90-days/from/italy/,first_90_days,yes,no,0,0,0,no,no,no,,,https://www.expatcopilot.com/netherlands/after-arriving-netherlands/,INDEXABLE,P1,orphan: no internal inlinks in crawl graph; outlinks_to_redirects=1; outlinks_to_404=2; no_anchor_samples; hub_relationship=links_to_parent_hub
https://www.expatcopilot.com/netherlands/moving/tools/first-90-days/from/japan/,first_90_days,yes,no,0,0,0,no,no,no,,,https://www.expatcopilot.com/netherlands/after-arriving-netherlands/,INDEXABLE,P1,orphan: no internal inlinks in crawl graph; outlinks_to_redirects=1; outlinks_to_404=2; no_anchor_samples; hub_relationship=links_to_parent_hub
https://www.expatcopilot.com/netherlands/moving/tools/first-90-days/from/kenya/,first_90_days,yes,no,0,0,0,no,no,no,,,https://www.expatcopilot.com/netherlands/after-arriving-netherlands/,INDEXABLE,P1,orphan: no internal inlinks in crawl graph; outlinks_to_redirects=1; outlinks_to_404=2; no_anchor_samples; hub_relationship=links_to_parent_hub
https://www.expatcopilot.com/netherlands/moving/tools/first-90-days/from/mexico/,first_90_days,yes,no,0,0,0,no,no,no,,,https://www.expatcopilot.com/netherlands/after-arriving-netherlands/,INDEXABLE,P1,orphan: no internal inlinks in crawl graph; outlinks_to_redirects=1; outlinks_to_404=2; no_anchor_samples; hub_relationship=links_to_parent_hub
https://www.expatcopilot.com/netherlands/moving/tools/first-90-days/from/new-zealand/,first_90_days,yes,no,0,0,0,no,no,no,,,https://www.expatcopilot.com/netherlands/after-arriving-netherlands/,INDEXABLE,P1,orphan: no internal inlinks in crawl graph; outlinks_to_redirects=1; outlinks_to_404=2; no_anchor_samples; hub_relationship=links_to_parent_hub
https://www.expatcopilot.com/netherlands/moving/tools/first-90-days/from/nigeria/,first_90_days,yes,no,0,0,0,no,no,no,,,https://www.expatcopilot.com/netherlands/after-arriving-netherlands/,INDEXABLE,P0,orphan: no internal inlinks in crawl graph; weak logical hub relationship; URL 404 in production despite sitemap; no_anchor_samples; hub_relationship=weak_or_missing_hub_link
https://www.expatcopilot.com/netherlands/moving/tools/first-90-days/from/norway/,first_90_days,yes,no,0,0,0,no,no,no,,,https://www.expatcopilot.com/netherlands/after-arriving-netherlands/,INDEXABLE,P1,orphan: no internal inlinks in crawl graph; outlinks_to_redirects=1; outlinks_to_404=2; no_anchor_samples; hub_relationship=links_to_parent_hub
https://www.expatcopilot.com/netherlands/moving/tools/first-90-days/from/pakistan/,first_90_days,yes,no,0,0,0,no,no,no,,,https://www.expatcopilot.com/netherlands/after-arriving-netherlands/,INDEXABLE,P1,orphan: no internal inlinks in crawl graph; outlinks_to_redirects=1; outlinks_to_404=2; no_anchor_samples; hub_relationship=links_to_parent_hub
https://www.expatcopilot.com/netherlands/moving/tools/first-90-days/from/philippines/,first_90_days,yes,no,0,0,0,no,no,no,,,https://www.expatcopilot.com/netherlands/after-arriving-netherlands/,INDEXABLE,P0,orphan: no internal inlinks in crawl graph; weak logical hub relationship; URL 404 in production despite sitemap; no_anchor_samples; hub_relationship=weak_or_missing_hub_link
https://www.expatcopilot.com/netherlands/moving/tools/first-90-days/from/singapore/,first_90_days,yes,no,0,0,0,no,no,no,,,https://www.expatcopilot.com/netherlands/after-arriving-netherlands/,INDEXABLE,P1,orphan: no internal inlinks in crawl graph; outlinks_to_redirects=1; outlinks_to_404=2; no_anchor_samples; hub_relationship=links_to_parent_hub
https://www.expatcopilot.com/netherlands/moving/tools/first-90-days/from/south-africa/,first_90_days,yes,no,0,0,0,no,no,no,,,https://www.expatcopilot.com/netherlands/after-arriving-netherlands/,INDEXABLE,P1,orphan: no internal inlinks in crawl graph; outlinks_to_redirects=1; outlinks_to_404=2; no_anchor_samples; hub_relationship=links_to_parent_hub
https://www.expatcopilot.com/netherlands/moving/tools/first-90-days/from/south-korea/,first_90_days,yes,no,0,0,0,no,no,no,,,https://www.expatcopilot.com/netherlands/after-arriving-netherlands/,INDEXABLE,P1,orphan: no internal inlinks in crawl graph; outlinks_to_redirects=1; outlinks_to_404=2; no_anchor_samples; hub_relationship=links_to_parent_hub
https://www.expatcopilot.com/netherlands/moving/tools/first-90-days/from/spain/,first_90_days,yes,no,0,0,0,no,no,no,,,https://www.expatcopilot.com/netherlands/after-arriving-netherlands/,INDEXABLE,P1,orphan: no internal inlinks in crawl graph; outlinks_to_redirects=1; outlinks_to_404=2; no_anchor_samples; hub_relationship=links_to_parent_hub
https://www.expatcopilot.com/netherlands/moving/tools/first-90-days/from/sweden/,first_90_days,yes,no,0,0,0,no,no,no,,,https://www.expatcopilot.com/netherlands/after-arriving-netherlands/,INDEXABLE,P1,orphan: no internal inlinks in crawl graph; outlinks_to_redirects=1; outlinks_to_404=2; no_anchor_samples; hub_relationship=links_to_parent_hub
https://www.expatcopilot.com/netherlands/moving/tools/first-90-days/from/switzerland/,first_90_days,yes,no,0,0,0,no,no,no,,,https://www.expatcopilot.com/netherlands/after-arriving-netherlands/,INDEXABLE,P1,orphan: no internal inlinks in crawl graph; outlinks_to_redirects=1; outlinks_to_404=2; no_anchor_samples; hub_relationship=links_to_parent_hub
https://www.expatcopilot.com/netherlands/moving/tools/first-90-days/from/turkey/,first_90_days,yes,no,0,0,0,no,no,no,,,https://www.expatcopilot.com/netherlands/after-arriving-netherlands/,INDEXABLE,P1,orphan: no internal inlinks in crawl graph; outlinks_to_redirects=1; outlinks_to_404=2; no_anchor_samples; hub_relationship=links_to_parent_hub
https://www.expatcopilot.com/netherlands/moving/tools/first-90-days/from/uae/,first_90_days,yes,no,0,0,0,no,no,no,,,https://www.expatcopilot.com/netherlands/after-arriving-netherlands/,INDEXABLE,P1,orphan: no internal inlinks in crawl graph; outlinks_to_redirects=1; outlinks_to_404=2; no_anchor_samples; hub_relationship=links_to_parent_hub
https://www.expatcopilot.com/netherlands/moving/tools/first-90-days/from/united-kingdom/,first_90_days,yes,no,0,0,0,no,no,no,,,https://www.expatcopilot.com/netherlands/after-arriving-netherlands/,INDEXABLE,P1,orphan: no internal inlinks in crawl graph; outlinks_to_redirects=1; outlinks_to_404=2; no_anchor_samples; hub_relationship=links_to_parent_hub
https://www.expatcopilot.com/netherlands/moving/tools/first-90-days/from/united-states/,first_90_days,yes,no,0,0,0,no,no,no,,,https://www.expatcopilot.com/netherlands/after-arriving-netherlands/,INDEXABLE,P1,orphan: no internal inlinks in crawl graph; outlinks_to_redirects=1; outlinks_to_404=2; no_anchor_samples; hub_relationship=links_to_parent_hub
https://www.expatcopilot.com/netherlands/moving/tools/moving-checklist/from/argentina/,moving,yes,no,0,0,0,no,no,no,,,https://www.expatcopilot.com/netherlands/moving-to-the-netherlands/,INDEXABLE,P1,orphan: no internal inlinks in crawl graph; outlinks_to_redirects=1; outlinks_to_404=2; no_anchor_samples; hub_relationship=links_to_parent_hub
https://www.expatcopilot.com/netherlands/moving/tools/moving-checklist/from/australia/,moving,yes,no,0,0,0,no,no,no,,,https://www.expatcopilot.com/netherlands/moving-to-the-netherlands/,INDEXABLE,P1,orphan: no internal inlinks in crawl graph; outlinks_to_redirects=1; outlinks_to_404=2; no_anchor_samples; hub_relationship=links_to_parent_hub
https://www.expatcopilot.com/netherlands/moving/tools/moving-checklist/from/brazil/,moving,yes,no,0,0,0,no,no,no,,,https://www.expatcopilot.com/netherlands/moving-to-the-netherlands/,INDEXABLE,P1,orphan: no internal inlinks in crawl graph; outlinks_to_redirects=1; outlinks_to_404=2; no_anchor_samples; hub_relationship=links_to_parent_hub
https://www.expatcopilot.com/netherlands/moving/tools/moving-checklist/from/canada/,moving,yes,no,0,0,0,no,no,no,,,https://www.expatcopilot.com/netherlands/moving-to-the-netherlands/,INDEXABLE,P1,orphan: no internal inlinks in crawl graph; outlinks_to_redirects=1; outlinks_to_404=2; no_anchor_samples; hub_relationship=links_to_parent_hub
https://www.expatcopilot.com/netherlands/moving/tools/moving-checklist/from/chile/,moving,yes,no,0,0,0,no,no,no,,,https://www.expatcopilot.com/netherlands/moving-to-the-netherlands/,INDEXABLE,P1,orphan: no internal inlinks in crawl graph; outlinks_to_redirects=1; outlinks_to_404=2; no_anchor_samples; hub_relationship=links_to_parent_hub
https://www.expatcopilot.com/netherlands/moving/tools/moving-checklist/from/denmark/,moving,yes,no,0,0,0,no,no,no,,,https://www.expatcopilot.com/netherlands/moving-to-the-netherlands/,INDEXABLE,P1,orphan: no internal inlinks in crawl graph; outlinks_to_redirects=1; outlinks_to_404=2; no_anchor_samples; hub_relationship=links_to_parent_hub
https://www.expatcopilot.com/netherlands/moving/tools/moving-checklist/from/france/,moving,yes,no,0,0,0,no,no,no,,,https://www.expatcopilot.com/netherlands/moving-to-the-netherlands/,INDEXABLE,P1,orphan: no internal inlinks in crawl graph; outlinks_to_redirects=1; outlinks_to_404=2; no_anchor_samples; hub_relationship=links_to_parent_hub
https://www.expatcopilot.com/netherlands/moving/tools/moving-checklist/from/germany/,moving,yes,no,0,0,0,no,no,no,,,https://www.expatcopilot.com/netherlands/moving-to-the-netherlands/,INDEXABLE,P1,orphan: no internal inlinks in crawl graph; outlinks_to_redirects=1; outlinks_to_404=2; no_anchor_samples; hub_relationship=links_to_parent_hub
https://www.expatcopilot.com/netherlands/moving/tools/moving-checklist/from/india/,moving,yes,no,0,0,0,no,no,no,,,https://www.expatcopilot.com/netherlands/moving-to-the-netherlands/,INDEXABLE,P1,orphan: no internal inlinks in crawl graph; outlinks_to_redirects=1; outlinks_to_404=2; no_anchor_samples; hub_relationship=links_to_parent_hub
https://www.expatcopilot.com/netherlands/moving/tools/moving-checklist/from/indonesia/,moving,yes,no,0,0,0,no,no,no,,,https://www.expatcopilot.com/netherlands/moving-to-the-netherlands/,INDEXABLE,P1,orphan: no internal inlinks in crawl graph; outlinks_to_redirects=1; outlinks_to_404=2; no_anchor_samples; hub_relationship=links_to_parent_hub
https://www.expatcopilot.com/netherlands/moving/tools/moving-checklist/from/ireland/,moving,yes,no,0,0,0,no,no,no,,,https://www.expatcopilot.com/netherlands/moving-to-the-netherlands/,INDEXABLE,P1,orphan: no internal inlinks in crawl graph; outlinks_to_redirects=1; outlinks_to_404=2; no_anchor_samples; hub_relationship=links_to_parent_hub
https://www.expatcopilot.com/netherlands/moving/tools/moving-checklist/from/italy/,moving,yes,no,0,0,0,no,no,no,,,https://www.expatcopilot.com/netherlands/moving-to-the-netherlands/,INDEXABLE,P1,orphan: no internal inlinks in crawl graph; outlinks_to_redirects=1; outlinks_to_404=2; no_anchor_samples; hub_relationship=links_to_parent_hub
https://www.expatcopilot.com/netherlands/moving/tools/moving-checklist/from/japan/,moving,yes,no,0,0,0,no,no,no,,,https://www.expatcopilot.com/netherlands/moving-to-the-netherlands/,INDEXABLE,P1,orphan: no internal inlinks in crawl graph; outlinks_to_redirects=1; outlinks_to_404=2; no_anchor_samples; hub_relationship=links_to_parent_hub
https://www.expatcopilot.com/netherlands/moving/tools/moving-checklist/from/kenya/,moving,yes,no,0,0,0,no,no,no,,,https://www.expatcopilot.com/netherlands/moving-to-the-netherlands/,INDEXABLE,P1,orphan: no internal inlinks in crawl graph; outlinks_to_redirects=1; outlinks_to_404=2; no_anchor_samples; hub_relationship=links_to_parent_hub
https://www.expatcopilot.com/netherlands/moving/tools/moving-checklist/from/mexico/,moving,yes,no,0,0,0,no,no,no,,,https://www.expatcopilot.com/netherlands/moving-to-the-netherlands/,INDEXABLE,P1,orphan: no internal inlinks in crawl graph; outlinks_to_redirects=1; outlinks_to_404=2; no_anchor_samples; hub_relationship=links_to_parent_hub
https://www.expatcopilot.com/netherlands/moving/tools/moving-checklist/from/new-zealand/,moving,yes,no,0,0,0,no,no,no,,,https://www.expatcopilot.com/netherlands/moving-to-the-netherlands/,INDEXABLE,P1,orphan: no internal inlinks in crawl graph; outlinks_to_redirects=1; outlinks_to_404=2; no_anchor_samples; hub_relationship=links_to_parent_hub
https://www.expatcopilot.com/netherlands/moving/tools/moving-checklist/from/nigeria/,moving,yes,no,0,0,0,no,no,no,,,https://www.expatcopilot.com/netherlands/moving-to-the-netherlands/,INDEXABLE,P0,orphan: no internal inlinks in crawl graph; weak logical hub relationship; URL 404 in production despite sitemap; no_anchor_samples; hub_relationship=weak_or_missing_hub_link
https://www.expatcopilot.com/netherlands/moving/tools/moving-checklist/from/norway/,moving,yes,no,0,0,0,no,no,no,,,https://www.expatcopilot.com/netherlands/moving-to-the-netherlands/,INDEXABLE,P1,orphan: no internal inlinks in crawl graph; outlinks_to_redirects=1; outlinks_to_404=2; no_anchor_samples; hub_relationship=links_to_parent_hub
https://www.expatcopilot.com/netherlands/moving/tools/moving-checklist/from/pakistan/,moving,yes,no,0,0,0,no,no,no,,,https://www.expatcopilot.com/netherlands/moving-to-the-netherlands/,INDEXABLE,P1,orphan: no internal inlinks in crawl graph; outlinks_to_redirects=1; outlinks_to_404=2; no_anchor_samples; hub_relationship=links_to_parent_hub
https://www.expatcopilot.com/netherlands/moving/tools/moving-checklist/from/philippines/,moving,yes,no,0,0,0,no,no,no,,,https://www.expatcopilot.com/netherlands/moving-to-the-netherlands/,INDEXABLE,P0,orphan: no internal inlinks in crawl graph; weak logical hub relationship; URL 404 in production despite sitemap; no_anchor_samples; hub_relationship=weak_or_missing_hub_link
https://www.expatcopilot.com/netherlands/moving/tools/moving-checklist/from/singapore/,moving,yes,no,0,0,0,no,no,no,,,https://www.expatcopilot.com/netherlands/moving-to-the-netherlands/,INDEXABLE,P1,orphan: no internal inlinks in crawl graph; outlinks_to_redirects=1; outlinks_to_404=2; no_anchor_samples; hub_relationship=links_to_parent_hub
https://www.expatcopilot.com/netherlands/moving/tools/moving-checklist/from/south-africa/,moving,yes,no,0,0,0,no,no,no,,,https://www.expatcopilot.com/netherlands/moving-to-the-netherlands/,INDEXABLE,P1,orphan: no internal inlinks in crawl graph; outlinks_to_redirects=1; outlinks_to_404=2; no_anchor_samples; hub_relationship=links_to_parent_hub
https://www.expatcopilot.com/netherlands/moving/tools/moving-checklist/from/south-korea/,moving,yes,no,0,0,0,no,no,no,,,https://www.expatcopilot.com/netherlands/moving-to-the-netherlands/,INDEXABLE,P1,orphan: no internal inlinks in crawl graph; outlinks_to_redirects=1; outlinks_to_404=2; no_anchor_samples; hub_relationship=links_to_parent_hub
https://www.expatcopilot.com/netherlands/moving/tools/moving-checklist/from/spain/,moving,yes,no,0,0,0,no,no,no,,,https://www.expatcopilot.com/netherlands/moving-to-the-netherlands/,INDEXABLE,P1,orphan: no internal inlinks in crawl graph; outlinks_to_redirects=1; outlinks_to_404=2; no_anchor_samples; hub_relationship=links_to_parent_hub
https://www.expatcopilot.com/netherlands/moving/tools/moving-checklist/from/sweden/,moving,yes,no,0,0,0,no,no,no,,,https://www.expatcopilot.com/netherlands/moving-to-the-netherlands/,INDEXABLE,P1,orphan: no internal inlinks in crawl graph; outlinks_to_redirects=1; outlinks_to_404=2; no_anchor_samples; hub_relationship=links_to_parent_hub
https://www.expatcopilot.com/netherlands/moving/tools/moving-checklist/from/switzerland/,moving,yes,no,0,0,0,no,no,no,,,https://www.expatcopilot.com/netherlands/moving-to-the-netherlands/,INDEXABLE,P1,orphan: no internal inlinks in crawl graph; outlinks_to_redirects=1; outlinks_to_404=2; no_anchor_samples; hub_relationship=links_to_parent_hub
https://www.expatcopilot.com/netherlands/moving/tools/moving-checklist/from/turkey/,moving,yes,no,0,0,0,no,no,no,,,https://www.expatcopilot.com/netherlands/moving-to-the-netherlands/,INDEXABLE,P1,orphan: no internal inlinks in crawl graph; outlinks_to_redirects=1; outlinks_to_404=2; no_anchor_samples; hub_relationship=links_to_parent_hub
https://www.expatcopilot.com/netherlands/moving/tools/moving-checklist/from/uae/,moving,yes,no,0,0,0,no,no,no,,,https://www.expatcopilot.com/netherlands/moving-to-the-netherlands/,INDEXABLE,P1,orphan: no internal inlinks in crawl graph; outlinks_to_redirects=1; outlinks_to_404=2; no_anchor_samples; hub_relationship=links_to_parent_hub
https://www.expatcopilot.com/netherlands/moving/tools/moving-checklist/from/united-kingdom/,moving,yes,no,0,0,0,no,no,no,,,https://www.expatcopilot.com/netherlands/moving-to-the-netherlands/,INDEXABLE,P1,orphan: no internal inlinks in crawl graph; outlinks_to_redirects=1; outlinks_to_404=2; no_anchor_samples; hub_relationship=links_to_parent_hub
https://www.expatcopilot.com/netherlands/moving/tools/moving-checklist/from/united-states/,moving,yes,no,0,0,0,no,no,no,,,https://www.expatcopilot.com/netherlands/moving-to-the-netherlands/,INDEXABLE,P1,orphan: no internal inlinks in crawl graph; outlinks_to_redirects=1; outlinks_to_404=2; no_anchor_samples; hub_relationship=links_to_parent_hub
https://www.expatcopilot.com/netherlands/tools/advanced/,tools_calculators,no,yes,1,1,0,no,no,no,2,1,https://www.expatcopilot.com/netherlands/tools/,INDEXABLE,P2,near-orphan: ≤1 contextual inlink; outlinks_to_redirects=2; outlinks_to_404=2; descriptive_anchor_ratio=1.00 n=1; hub_relationship=links_to_parent_hub; strongest_contextual_source=/netherlands/tools/
