base_url,parameter_url,parameter_names,content_difference,canonical,indexable,internally_discoverable,search_value,classification,severity
https://www.expatcopilot.com/netherlands/visa-application-plan/,https://www.expatcopilot.com/netherlands/visa-application-plan?scenario=test,scenario,likely_client_side_state_same_shell,https://www.expatcopilot.com/netherlands/visa-application-plan/,canonicalized_to_base,yes_code_links_with_scenario,low,TOOL_SCENARIO_PARAM,P3
https://www.expatcopilot.com/netherlands/,https://www.expatcopilot.com/netherlands/?preview=true,preview,no_same_title,https://www.expatcopilot.com/netherlands/,canonicalized_to_base,yes,none,PREVIEW_PARAM,INFO
https://www.expatcopilot.com/netherlands/visa-application-plan/,https://www.expatcopilot.com/netherlands/visa-application-plan/?scenario=hsm,scenario,likely_client_side_state_same_shell,https://www.expatcopilot.com/netherlands/visa-application-plan/,canonicalized_to_base,yes_code_links_with_scenario,low,TOOL_SCENARIO_PARAM,P3
https://www.expatcopilot.com/search/,https://www.expatcopilot.com/search?q=visa,q,no_same_title,https://www.expatcopilot.com/search/,canonicalized_to_base,code_linked,none,SEARCH_QUERY,INFO
https://www.expatcopilot.com/netherlands/money/tools/cost-of-living-calculator/,https://www.expatcopilot.com/netherlands/money/tools/cost-of-living-calculator?city=amsterdam,city,no_same_title,https://www.expatcopilot.com/netherlands/money/tools/cost-of-living-calculator/,canonicalized_to_base,code_linked,low,PARAMETER_STATE,INFO
https://www.expatcopilot.com/netherlands/amsterdam/,https://www.expatcopilot.com/netherlands/amsterdam?preview=true,preview,no_same_title,https://www.expatcopilot.com/netherlands/amsterdam/,canonicalized_to_base,code_linked,none,PREVIEW_PARAM,INFO
https://www.expatcopilot.com/search/,https://www.expatcopilot.com/search/?q=visa,q,no_same_title,https://www.expatcopilot.com/search/,canonicalized_to_base,code_linked,none,SEARCH_QUERY,INFO
https://www.expatcopilot.com/netherlands/money/tools/cost-of-living-calculator/,https://www.expatcopilot.com/netherlands/money/tools/cost-of-living-calculator/?utm_source=test&utm_medium=audit,"utm_source,utm_medium",no_same_title,https://www.expatcopilot.com/netherlands/money/tools/cost-of-living-calculator/,canonicalized_to_base,code_linked,none,TRACKING_PARAM,P3
https://www.expatcopilot.com/netherlands/moving-to-the-netherlands/,https://www.expatcopilot.com/netherlands/moving-to-the-netherlands?from=uae,from,not_fetched,,unknown,yes_html_crawl,low,DISCOVERED_PARAM_LINK,P3
https://www.expatcopilot.com/netherlands/moving/tools/first-90-days/,https://www.expatcopilot.com/netherlands/moving/tools/first-90-days?from=spain,from,not_fetched,,unknown,yes_html_crawl,low,DISCOVERED_PARAM_LINK,P3
https://www.expatcopilot.com/netherlands/moving/tools/relocation-cost-estimator/,https://www.expatcopilot.com/netherlands/moving/tools/relocation-cost-estimator?from=south-korea,from,not_fetched,,unknown,yes_html_crawl,low,DISCOVERED_PARAM_LINK,P3
https://www.expatcopilot.com/netherlands/moving-to-the-netherlands/,https://www.expatcopilot.com/netherlands/moving-to-the-netherlands?from=mexico,from,not_fetched,,unknown,yes_html_crawl,low,DISCOVERED_PARAM_LINK,P3
https://www.expatcopilot.com/netherlands/moving-to-the-netherlands/,https://www.expatcopilot.com/netherlands/moving-to-the-netherlands?from=south-africa,from,not_fetched,,unknown,yes_html_crawl,low,DISCOVERED_PARAM_LINK,P3
https://www.expatcopilot.com/netherlands/moving/tools/relocation-cost-estimator/,https://www.expatcopilot.com/netherlands/moving/tools/relocation-cost-estimator?from=italy,from,not_fetched,,unknown,yes_html_crawl,low,DISCOVERED_PARAM_LINK,P3
https://www.expatcopilot.com/netherlands/visa-cost-calculator/,https://www.expatcopilot.com/netherlands/visa-cost-calculator?from=denmark,from,not_fetched,,unknown,yes_html_crawl,low,DISCOVERED_PARAM_LINK,P3
https://www.expatcopilot.com/netherlands/visa-timeline-estimator/,https://www.expatcopilot.com/netherlands/visa-timeline-estimator?scenario=uk-student,scenario,not_fetched,,unknown,yes_html_crawl,low,DISCOVERED_PARAM_LINK,P3
https://www.expatcopilot.com/netherlands/moving-to-the-netherlands/,https://www.expatcopilot.com/netherlands/moving-to-the-netherlands?from=japan,from,not_fetched,,unknown,yes_html_crawl,low,DISCOVERED_PARAM_LINK,P3
https://www.expatcopilot.com/netherlands/document-readiness-checker/,https://www.expatcopilot.com/netherlands/document-readiness-checker?from=philippines,from,not_fetched,,unknown,yes_html_crawl,low,DISCOVERED_PARAM_LINK,P3
https://www.expatcopilot.com/netherlands/moving/tools/arrival-planner/,https://www.expatcopilot.com/netherlands/moving/tools/arrival-planner?from=uae,from,not_fetched,,unknown,yes_html_crawl,low,DISCOVERED_PARAM_LINK,P3
https://www.expatcopilot.com/netherlands/moving/tools/moving-checklist/,https://www.expatcopilot.com/netherlands/moving/tools/moving-checklist?from=philippines,from,not_fetched,,unknown,yes_html_crawl,low,DISCOVERED_PARAM_LINK,P3
https://www.expatcopilot.com/netherlands/moving/tools/first-90-days/,https://www.expatcopilot.com/netherlands/moving/tools/first-90-days?from=denmark,from,not_fetched,,unknown,yes_html_crawl,low,DISCOVERED_PARAM_LINK,P3
https://www.expatcopilot.com/netherlands/moving/tools/moving-checklist/,https://www.expatcopilot.com/netherlands/moving/tools/moving-checklist?from=india,from,not_fetched,,unknown,yes_html_crawl,low,DISCOVERED_PARAM_LINK,P3
https://www.expatcopilot.com/netherlands/moving-to-the-netherlands/,https://www.expatcopilot.com/netherlands/moving-to-the-netherlands?from=pakistan,from,not_fetched,,unknown,yes_html_crawl,low,DISCOVERED_PARAM_LINK,P3
https://www.expatcopilot.com/netherlands/moving/tools/first-90-days/,https://www.expatcopilot.com/netherlands/moving/tools/first-90-days?from=indonesia,from,not_fetched,,unknown,yes_html_crawl,low,DISCOVERED_PARAM_LINK,P3
https://www.expatcopilot.com/netherlands/moving-to-the-netherlands/,https://www.expatcopilot.com/netherlands/moving-to-the-netherlands?from=brazil,from,not_fetched,,unknown,yes_html_crawl,low,DISCOVERED_PARAM_LINK,P3
https://www.expatcopilot.com/netherlands/moving/tools/first-90-days/,https://www.expatcopilot.com/netherlands/moving/tools/first-90-days?from=canada,from,not_fetched,,unknown,yes_html_crawl,low,DISCOVERED_PARAM_LINK,P3
https://www.expatcopilot.com/netherlands/visa-cost-calculator/,https://www.expatcopilot.com/netherlands/visa-cost-calculator?from=philippines,from,not_fetched,,unknown,yes_html_crawl,low,DISCOVERED_PARAM_LINK,P3
https://www.expatcopilot.com/netherlands/moving/tools/first-90-days/,https://www.expatcopilot.com/netherlands/moving/tools/first-90-days?from=italy,from,not_fetched,,unknown,yes_html_crawl,low,DISCOVERED_PARAM_LINK,P3
https://www.expatcopilot.com/netherlands/moving/tools/document-readiness/,https://www.expatcopilot.com/netherlands/moving/tools/document-readiness?from=south-korea,from,not_fetched,,unknown,yes_html_crawl,low,DISCOVERED_PARAM_LINK,P3
https://www.expatcopilot.com/netherlands/visa-cost-calculator/,https://www.expatcopilot.com/netherlands/visa-cost-calculator?from=argentina,from,not_fetched,,unknown,yes_html_crawl,low,DISCOVERED_PARAM_LINK,P3
https://www.expatcopilot.com/netherlands/moving-to-the-netherlands/,https://www.expatcopilot.com/netherlands/moving-to-the-netherlands?from=france,from,not_fetched,,unknown,yes_html_crawl,low,DISCOVERED_PARAM_LINK,P3
https://www.expatcopilot.com/netherlands/moving/tools/moving-checklist/,https://www.expatcopilot.com/netherlands/moving/tools/moving-checklist?from=denmark,from,not_fetched,,unknown,yes_html_crawl,low,DISCOVERED_PARAM_LINK,P3
https://www.expatcopilot.com/netherlands/moving/tools/relocation-cost-estimator/,https://www.expatcopilot.com/netherlands/moving/tools/relocation-cost-estimator?from=ireland,from,not_fetched,,unknown,yes_html_crawl,low,DISCOVERED_PARAM_LINK,P3
https://www.expatcopilot.com/netherlands/living/tools/utilities-services-comparison/,https://www.expatcopilot.com/netherlands/living/tools/utilities-services-comparison?s=eyJwbGFubmVyTW9kZSI6InF1aWNrIiwiY2l0eSI6InJvdHRlcmRhbSIsIm1vdmVTdGFnZSI6Im1vdmluZ19zb29uIiwiaG91c2Vob2xkVHlwZSI6ImNvdXBsZSIsImFkdWx0c0NvdW50IjoyLCJjaGlsZHJlbkNvdW50IjowLCJyZW50ZXJPck93bmVyIjoicmVudGVyIiwidXRpbGl0aWVzSW5jbHVkZWRJblJlbnQiOiJ1bnN1cmUiLCJob3VzaW5nVHlwZSI6ImFwYXJ0bWVudCIsInNpemVCYW5kIjoibWVkaXVtIiwiZW5lcmd5UXVhbGl0eSI6ImF2ZXJhZ2UiLCJoZWF0aW5nIjoiZ2FzIiwiZnVybmlzaGVkIjoidW5mdXJuaXNoZWQiLCJsYW5kbG9yZEJ1aWxkaW5nSW5jbHVkZXNTZXJ2aWNlcyI6InVuc3VyZSIsInVzYWdlTGV2ZWwiOiJhdmVyYWdlIiwiaW50ZXJuZXRUaWVyIjoic3RhbmRhcmQiLCJtb2JpbGVVc2FnZSI6InN0YW5kYXJkIiwibW9iaWxlTGluZXMiOjIsImV2SGVhdnkiOmZhbHNlLCJ3ZmhIZWF2eSI6ZmFsc2UsImluY2x1ZGVJbnRlcm5ldCI6dHJ1ZSwiaW5jbHVkZU1vYmlsZSI6dHJ1ZSwiaW5jbHVkZVR2TWVkaWEiOmZhbHNlLCJpbmNsdWRlQ29udGVudHNJbnN1cmFuY2UiOnRydWUsImluY2x1ZGVMaWFiaWxpdHlJbnN1cmFuY2UiOnRydWUsInByaW9yaXR5IjoiYmFsYW5jZWQiLCJtb3ZpbmdEYXRlTm90ZSI6IiIsInNob3J0VGVybU92ZXJsYXAiOmZhbHNlfQ,s,not_fetched,,unknown,yes_html_crawl,low,DISCOVERED_PARAM_LINK,P3
https://www.expatcopilot.com/netherlands/visa-cost-calculator/,https://www.expatcopilot.com/netherlands/visa-cost-calculator?from=kenya,from,not_fetched,,unknown,yes_html_crawl,low,DISCOVERED_PARAM_LINK,P3
https://www.expatcopilot.com/netherlands/moving/tools/relocation-cost-estimator/,https://www.expatcopilot.com/netherlands/moving/tools/relocation-cost-estimator?from=norway,from,not_fetched,,unknown,yes_html_crawl,low,DISCOVERED_PARAM_LINK,P3
https://www.expatcopilot.com/netherlands/moving/tools/moving-checklist/,https://www.expatcopilot.com/netherlands/moving/tools/moving-checklist?from=united-states,from,not_fetched,,unknown,yes_html_crawl,low,DISCOVERED_PARAM_LINK,P3
https://www.expatcopilot.com/netherlands/moving/tools/document-readiness/,https://www.expatcopilot.com/netherlands/moving/tools/document-readiness?from=japan,from,not_fetched,,unknown,yes_html_crawl,low,DISCOVERED_PARAM_LINK,P3
https://www.expatcopilot.com/netherlands/moving/tools/document-readiness/,https://www.expatcopilot.com/netherlands/moving/tools/document-readiness?from=sweden,from,not_fetched,,unknown,yes_html_crawl,low,DISCOVERED_PARAM_LINK,P3
https://www.expatcopilot.com/netherlands/moving/tools/first-90-days/,https://www.expatcopilot.com/netherlands/moving/tools/first-90-days?from=turkey,from,not_fetched,,unknown,yes_html_crawl,low,DISCOVERED_PARAM_LINK,P3
https://www.expatcopilot.com/netherlands/moving/tools/first-90-days/,https://www.expatcopilot.com/netherlands/moving/tools/first-90-days?from=singapore,from,not_fetched,,unknown,yes_html_crawl,low,DISCOVERED_PARAM_LINK,P3
https://www.expatcopilot.com/netherlands/visa-cost-calculator/,https://www.expatcopilot.com/netherlands/visa-cost-calculator?from=united-kingdom,from,not_fetched,,unknown,yes_html_crawl,low,DISCOVERED_PARAM_LINK,P3
https://www.expatcopilot.com/netherlands/moving/tools/arrival-planner/,https://www.expatcopilot.com/netherlands/moving/tools/arrival-planner?from=norway,from,not_fetched,,unknown,yes_html_crawl,low,DISCOVERED_PARAM_LINK,P3
https://www.expatcopilot.com/netherlands/moving/tools/first-90-days/,https://www.expatcopilot.com/netherlands/moving/tools/first-90-days?arrivalStage=arriving-soon&amp;household=kids&amp;startingJobSoon=yes&amp;needsIntegrationAwareness=yes&amp;from=india&amp;needsDrivingSoon=false&amp;housingSituation=temporary&amp;hasBankAccountAlready=false&amp;hasBSNAlready=false&amp;wantsLanguageSupport=true&amp;hasKidsAdminNeeds=true&amp;needsUtilitiesSetup=true,"arrivalStage,amp;household,amp;startingJobSoon,amp;needsIntegrationAwareness,amp;from,amp;needsDrivingSoon,amp;housingSituation,amp;hasBankAccountAlready,amp;hasBSNAlready,amp;wantsLanguageSupport,amp;hasKidsAdminNeeds,amp;needsUtilitiesSetup",not_fetched,,unknown,yes_html_crawl,low,DISCOVERED_PARAM_LINK,P3
https://www.expatcopilot.com/netherlands/visa-cost-calculator/,https://www.expatcopilot.com/netherlands/visa-cost-calculator?from=singapore,from,not_fetched,,unknown,yes_html_crawl,low,DISCOVERED_PARAM_LINK,P3
https://www.expatcopilot.com/netherlands/moving-to-netherlands-timeline/,https://www.expatcopilot.com/netherlands/moving-to-netherlands-timeline?from=south-africa,from,not_fetched,,unknown,yes_html_crawl,low,DISCOVERED_PARAM_LINK,P3
https://www.expatcopilot.com/netherlands/moving/tools/document-readiness/,https://www.expatcopilot.com/netherlands/moving/tools/document-readiness?from=canada,from,not_fetched,,unknown,yes_html_crawl,low,DISCOVERED_PARAM_LINK,P3
https://www.expatcopilot.com/netherlands/moving-to-the-netherlands/,https://www.expatcopilot.com/netherlands/moving-to-the-netherlands?from=kenya,from,not_fetched,,unknown,yes_html_crawl,low,DISCOVERED_PARAM_LINK,P3
https://www.expatcopilot.com/netherlands/moving/tools/relocation-cost-estimator/,https://www.expatcopilot.com/netherlands/moving/tools/relocation-cost-estimator?from=indonesia,from,not_fetched,,unknown,yes_html_crawl,low,DISCOVERED_PARAM_LINK,P3
https://www.expatcopilot.com/netherlands/moving/tools/first-90-days/,https://www.expatcopilot.com/netherlands/moving/tools/first-90-days?from=south-africa,from,not_fetched,,unknown,yes_html_crawl,low,DISCOVERED_PARAM_LINK,P3
https://www.expatcopilot.com/netherlands/visa-cost-calculator/,https://www.expatcopilot.com/netherlands/visa-cost-calculator?from=new-zealand,from,not_fetched,,unknown,yes_html_crawl,low,DISCOVERED_PARAM_LINK,P3
https://www.expatcopilot.com/netherlands/moving/tools/relocation-cost-estimator/,https://www.expatcopilot.com/netherlands/moving/tools/relocation-cost-estimator?from=switzerland,from,not_fetched,,unknown,yes_html_crawl,low,DISCOVERED_PARAM_LINK,P3
https://www.expatcopilot.com/netherlands/document-readiness-checker/,https://www.expatcopilot.com/netherlands/document-readiness-checker?from=mexico,from,not_fetched,,unknown,yes_html_crawl,low,DISCOVERED_PARAM_LINK,P3
https://www.expatcopilot.com/netherlands/moving/tools/relocation-cost-estimator/,https://www.expatcopilot.com/netherlands/moving/tools/relocation-cost-estimator?from=new-zealand,from,not_fetched,,unknown,yes_html_crawl,low,DISCOVERED_PARAM_LINK,P3
https://www.expatcopilot.com/netherlands/moving/tools/moving-checklist/,https://www.expatcopilot.com/netherlands/moving/tools/moving-checklist?from=pakistan,from,not_fetched,,unknown,yes_html_crawl,low,DISCOVERED_PARAM_LINK,P3
https://www.expatcopilot.com/netherlands/moving/tools/first-90-days/,https://www.expatcopilot.com/netherlands/moving/tools/first-90-days?from=switzerland,from,not_fetched,,unknown,yes_html_crawl,low,DISCOVERED_PARAM_LINK,P3
https://www.expatcopilot.com/netherlands/visa-checker/,https://www.expatcopilot.com/netherlands/visa-checker?scenario=family-work,scenario,not_fetched,,unknown,yes_html_crawl,low,DISCOVERED_PARAM_LINK,P3
https://www.expatcopilot.com/netherlands/moving/tools/arrival-planner/,https://www.expatcopilot.com/netherlands/moving/tools/arrival-planner?from=france,from,not_fetched,,unknown,yes_html_crawl,low,DISCOVERED_PARAM_LINK,P3
https://www.expatcopilot.com/netherlands/visa-cost-calculator/,https://www.expatcopilot.com/netherlands/visa-cost-calculator?from=australia,from,not_fetched,,unknown,yes_html_crawl,low,DISCOVERED_PARAM_LINK,P3
https://www.expatcopilot.com/netherlands/moving/tools/moving-checklist/,https://www.expatcopilot.com/netherlands/moving/tools/moving-checklist?from=ireland,from,not_fetched,,unknown,yes_html_crawl,low,DISCOVERED_PARAM_LINK,P3
https://www.expatcopilot.com/netherlands/moving/tools/first-90-days/,https://www.expatcopilot.com/netherlands/moving/tools/first-90-days?from=south-korea,from,not_fetched,,unknown,yes_html_crawl,low,DISCOVERED_PARAM_LINK,P3
https://www.expatcopilot.com/netherlands/moving/tools/document-readiness/,https://www.expatcopilot.com/netherlands/moving/tools/document-readiness?from=kenya,from,not_fetched,,unknown,yes_html_crawl,low,DISCOVERED_PARAM_LINK,P3
https://www.expatcopilot.com/netherlands/moving/tools/moving-checklist/,https://www.expatcopilot.com/netherlands/moving/tools/moving-checklist?from=nigeria,from,not_fetched,,unknown,yes_html_crawl,low,DISCOVERED_PARAM_LINK,P3
https://www.expatcopilot.com/netherlands/moving/tools/document-readiness/,https://www.expatcopilot.com/netherlands/moving/tools/document-readiness?from=united-kingdom,from,not_fetched,,unknown,yes_html_crawl,low,DISCOVERED_PARAM_LINK,P3
https://www.expatcopilot.com/netherlands/document-readiness-checker/,https://www.expatcopilot.com/netherlands/document-readiness-checker?from=japan,from,not_fetched,,unknown,yes_html_crawl,low,DISCOVERED_PARAM_LINK,P3
https://www.expatcopilot.com/netherlands/moving/tools/first-90-days/,https://www.expatcopilot.com/netherlands/moving/tools/first-90-days?from=new-zealand,from,not_fetched,,unknown,yes_html_crawl,low,DISCOVERED_PARAM_LINK,P3
https://www.expatcopilot.com/netherlands/visa-application-plan/,https://www.expatcopilot.com/netherlands/visa-application-plan?scenario=us-entrepreneur-daft,scenario,not_fetched,,unknown,yes_html_crawl,low,DISCOVERED_PARAM_LINK,P3
https://www.expatcopilot.com/netherlands/moving/tools/first-90-days/,https://www.expatcopilot.com/netherlands/moving/tools/first-90-days?arrivalStage=already-arrived&amp;household=solo&amp;startingJobSoon=no&amp;needsIntegrationAwareness=no&amp;from=united-states&amp;needsDrivingSoon=true&amp;housingSituation=stable-rental&amp;hasBankAccountAlready=true&amp;hasBSNAlready=true&amp;wantsLanguageSupport=false&amp;hasKidsAdminNeeds=false&amp;needsUtilitiesSetup=false,"arrivalStage,amp;household,amp;startingJobSoon,amp;needsIntegrationAwareness,amp;from,amp;needsDrivingSoon,amp;housingSituation,amp;hasBankAccountAlready,amp;hasBSNAlready,amp;wantsLanguageSupport,amp;hasKidsAdminNeeds,amp;needsUtilitiesSetup",not_fetched,,unknown,yes_html_crawl,low,DISCOVERED_PARAM_LINK,P3
https://www.expatcopilot.com/netherlands/visa-cost-calculator/,https://www.expatcopilot.com/netherlands/visa-cost-calculator?from=germany,from,not_fetched,,unknown,yes_html_crawl,low,DISCOVERED_PARAM_LINK,P3
https://www.expatcopilot.com/netherlands/moving/tools/moving-checklist/,https://www.expatcopilot.com/netherlands/moving/tools/moving-checklist?from=mexico,from,not_fetched,,unknown,yes_html_crawl,low,DISCOVERED_PARAM_LINK,P3
https://www.expatcopilot.com/netherlands/moving/tools/arrival-planner/,https://www.expatcopilot.com/netherlands/moving/tools/arrival-planner?from=turkey,from,not_fetched,,unknown,yes_html_crawl,low,DISCOVERED_PARAM_LINK,P3
https://www.expatcopilot.com/netherlands/document-readiness-checker/,https://www.expatcopilot.com/netherlands/document-readiness-checker?from=nigeria,from,not_fetched,,unknown,yes_html_crawl,low,DISCOVERED_PARAM_LINK,P3
https://www.expatcopilot.com/netherlands/visa-cost-calculator/,https://www.expatcopilot.com/netherlands/visa-cost-calculator?scenario=uk-student,scenario,not_fetched,,unknown,yes_html_crawl,low,DISCOVERED_PARAM_LINK,P3
https://www.expatcopilot.com/netherlands/moving/tools/arrival-planner/,https://www.expatcopilot.com/netherlands/moving/tools/arrival-planner?from=new-zealand,from,not_fetched,,unknown,yes_html_crawl,low,DISCOVERED_PARAM_LINK,P3
https://www.expatcopilot.com/netherlands/living/tools/utilities-services-comparison/,https://www.expatcopilot.com/netherlands/living/tools/utilities-services-comparison?s=eyJwbGFubmVyTW9kZSI6ImRldGFpbGVkIiwiY2l0eSI6ImFtc3RlcmRhbSIsIm1vdmVTdGFnZSI6Im1vdmluZ19zb29uIiwiaG91c2Vob2xkVHlwZSI6ImNvdXBsZSIsImFkdWx0c0NvdW50IjoyLCJjaGlsZHJlbkNvdW50IjowLCJyZW50ZXJPck93bmVyIjoicmVudGVyIiwidXRpbGl0aWVzSW5jbHVkZWRJblJlbnQiOiJubyIsImhvdXNpbmdUeXBlIjoiYXBhcnRtZW50Iiwic2l6ZUJhbmQiOiJtZWRpdW0iLCJlbmVyZ3lRdWFsaXR5IjoiZWZmaWNpZW50IiwiaGVhdGluZyI6ImdhcyIsImZ1cm5pc2hlZCI6InVuZnVybmlzaGVkIiwibGFuZGxvcmRCdWlsZGluZ0luY2x1ZGVzU2VydmljZXMiOiJubyIsInVzYWdlTGV2ZWwiOiJhdmVyYWdlIiwiaW50ZXJuZXRUaWVyIjoic3RhbmRhcmQiLCJtb2JpbGVVc2FnZSI6InN0YW5kYXJkIiwibW9iaWxlTGluZXMiOjIsImV2SGVhdnkiOmZhbHNlLCJ3ZmhIZWF2eSI6ZmFsc2UsImluY2x1ZGVJbnRlcm5ldCI6dHJ1ZSwiaW5jbHVkZU1vYmlsZSI6dHJ1ZSwiaW5jbHVkZVR2TWVkaWEiOmZhbHNlLCJpbmNsdWRlQ29udGVudHNJbnN1cmFuY2UiOnRydWUsImluY2x1ZGVMaWFiaWxpdHlJbnN1cmFuY2UiOnRydWUsInByaW9yaXR5IjoiYmFsYW5jZWQiLCJtb3ZpbmdEYXRlTm90ZSI6IiIsInNob3J0VGVybU92ZXJsYXAiOmZhbHNlfQ,s,not_fetched,,unknown,yes_html_crawl,low,DISCOVERED_PARAM_LINK,P3
https://www.expatcopilot.com/netherlands/moving/tools/moving-checklist/,https://www.expatcopilot.com/netherlands/moving/tools/moving-checklist?from=japan,from,not_fetched,,unknown,yes_html_crawl,low,DISCOVERED_PARAM_LINK,P3
https://www.expatcopilot.com/netherlands/visa-cost-calculator/,https://www.expatcopilot.com/netherlands/visa-cost-calculator?from=sweden,from,not_fetched,,unknown,yes_html_crawl,low,DISCOVERED_PARAM_LINK,P3
https://www.expatcopilot.com/netherlands/moving/tools/document-readiness/,https://www.expatcopilot.com/netherlands/moving/tools/document-readiness?from=norway,from,not_fetched,,unknown,yes_html_crawl,low,DISCOVERED_PARAM_LINK,P3
https://www.expatcopilot.com/netherlands/moving/tools/document-readiness/,https://www.expatcopilot.com/netherlands/moving/tools/document-readiness?from=pakistan,from,not_fetched,,unknown,yes_html_crawl,low,DISCOVERED_PARAM_LINK,P3
https://www.expatcopilot.com/netherlands/visa-checker/,https://www.expatcopilot.com/netherlands/visa-checker?scenario=us-daft,scenario,not_fetched,,unknown,yes_html_crawl,low,DISCOVERED_PARAM_LINK,P3
https://www.expatcopilot.com/netherlands/document-readiness-checker/,https://www.expatcopilot.com/netherlands/document-readiness-checker?from=south-korea,from,not_fetched,,unknown,yes_html_crawl,low,DISCOVERED_PARAM_LINK,P3
https://www.expatcopilot.com/netherlands/visa-timeline-estimator/,https://www.expatcopilot.com/netherlands/visa-timeline-estimator?scenario=south-african-partner,scenario,not_fetched,,unknown,yes_html_crawl,low,DISCOVERED_PARAM_LINK,P3
https://www.expatcopilot.com/netherlands/moving/tools/relocation-cost-estimator/,https://www.expatcopilot.com/netherlands/moving/tools/relocation-cost-estimator?from=denmark,from,not_fetched,,unknown,yes_html_crawl,low,DISCOVERED_PARAM_LINK,P3
https://www.expatcopilot.com/netherlands/visa-cost-calculator/,https://www.expatcopilot.com/netherlands/visa-cost-calculator?from=south-africa,from,not_fetched,,unknown,yes_html_crawl,low,DISCOVERED_PARAM_LINK,P3
https://www.expatcopilot.com/netherlands/first-30-days-netherlands/,https://www.expatcopilot.com/netherlands/first-30-days-netherlands?from=south-africa,from,not_fetched,,unknown,yes_html_crawl,low,DISCOVERED_PARAM_LINK,P3
https://www.expatcopilot.com/netherlands/moving/tools/moving-checklist/,https://www.expatcopilot.com/netherlands/moving/tools/moving-checklist?from=canada,from,not_fetched,,unknown,yes_html_crawl,low,DISCOVERED_PARAM_LINK,P3
https://www.expatcopilot.com/netherlands/visa-cost-calculator/,https://www.expatcopilot.com/netherlands/visa-cost-calculator?from=turkey,from,not_fetched,,unknown,yes_html_crawl,low,DISCOVERED_PARAM_LINK,P3
https://www.expatcopilot.com/netherlands/moving/tools/first-90-days/,https://www.expatcopilot.com/netherlands/moving/tools/first-90-days?from=united-kingdom,from,not_fetched,,unknown,yes_html_crawl,low,DISCOVERED_PARAM_LINK,P3
https://www.expatcopilot.com/netherlands/moving/tools/arrival-planner/,https://www.expatcopilot.com/netherlands/moving/tools/arrival-planner?from=argentina,from,not_fetched,,unknown,yes_html_crawl,low,DISCOVERED_PARAM_LINK,P3
https://www.expatcopilot.com/netherlands/moving/tools/first-90-days/,https://www.expatcopilot.com/netherlands/moving/tools/first-90-days?from=india,from,not_fetched,,unknown,yes_html_crawl,low,DISCOVERED_PARAM_LINK,P3
https://www.expatcopilot.com/netherlands/visa-application-plan/,https://www.expatcopilot.com/netherlands/visa-application-plan?scenario=solo-self-employed,scenario,not_fetched,,unknown,yes_html_crawl,low,DISCOVERED_PARAM_LINK,P3
https://www.expatcopilot.com/netherlands/moving-to-the-netherlands/,https://www.expatcopilot.com/netherlands/moving-to-the-netherlands?from=canada,from,not_fetched,,unknown,yes_html_crawl,low,DISCOVERED_PARAM_LINK,P3
https://www.expatcopilot.com/netherlands/visa-cost-calculator/,https://www.expatcopilot.com/netherlands/visa-cost-calculator?scenario=couple-blue-card-vs-hsm,scenario,not_fetched,,unknown,yes_html_crawl,low,DISCOVERED_PARAM_LINK,P3
https://www.expatcopilot.com/netherlands/moving/tools/arrival-planner/,https://www.expatcopilot.com/netherlands/moving/tools/arrival-planner?from=united-states,from,not_fetched,,unknown,yes_html_crawl,low,DISCOVERED_PARAM_LINK,P3
https://www.expatcopilot.com/netherlands/moving/tools/arrival-planner/,https://www.expatcopilot.com/netherlands/moving/tools/arrival-planner?from=india,from,not_fetched,,unknown,yes_html_crawl,low,DISCOVERED_PARAM_LINK,P3
https://www.expatcopilot.com/netherlands/moving/tools/moving-checklist/,https://www.expatcopilot.com/netherlands/moving/tools/moving-checklist?from=uae,from,not_fetched,,unknown,yes_html_crawl,low,DISCOVERED_PARAM_LINK,P3
https://www.expatcopilot.com/netherlands/living/tools/utilities-services-comparison/,https://www.expatcopilot.com/netherlands/living/tools/utilities-services-comparison?s=eyJwbGFubmVyTW9kZSI6InF1aWNrIiwiY2l0eSI6ImFtc3RlcmRhbSIsIm1vdmVTdGFnZSI6Im1vdmluZ19zb29uIiwiaG91c2Vob2xkVHlwZSI6ImhvdXNlX3NoYXJlIiwiYWR1bHRzQ291bnQiOjIsImNoaWxkcmVuQ291bnQiOjAsInJlbnRlck9yT3duZXIiOiJyZW50ZXIiLCJ1dGlsaXRpZXNJbmNsdWRlZEluUmVudCI6InllcyIsImhvdXNpbmdUeXBlIjoiYXBhcnRtZW50Iiwic2l6ZUJhbmQiOiJtZWRpdW0iLCJlbmVyZ3lRdWFsaXR5IjoiYXZlcmFnZSIsImhlYXRpbmciOiJnYXMiLCJmdXJuaXNoZWQiOiJ1bmZ1cm5pc2hlZCIsImxhbmRsb3JkQnVpbGRpbmdJbmNsdWRlc1NlcnZpY2VzIjoieWVzIiwidXNhZ2VMZXZlbCI6ImF2ZXJhZ2UiLCJpbnRlcm5ldFRpZXIiOiJzdGFuZGFyZCIsIm1vYmlsZVVzYWdlIjoic3RhbmRhcmQiLCJtb2JpbGVMaW5lcyI6MiwiZXZIZWF2eSI6ZmFsc2UsIndmaEhlYXZ5IjpmYWxzZSwiaW5jbHVkZUludGVybmV0Ijp0cnVlLCJpbmNsdWRlTW9iaWxlIjp0cnVlLCJpbmNsdWRlVHZNZWRpYSI6ZmFsc2UsImluY2x1ZGVDb250ZW50c0luc3VyYW5jZSI6dHJ1ZSwiaW5jbHVkZUxpYWJpbGl0eUluc3VyYW5jZSI6dHJ1ZSwicHJpb3JpdHkiOiJiYWxhbmNlZCIsIm1vdmluZ0RhdGVOb3RlIjoiIiwic2hvcnRUZXJtT3ZlcmxhcCI6ZmFsc2V9,s,not_fetched,,unknown,yes_html_crawl,low,DISCOVERED_PARAM_LINK,P3
https://www.expatcopilot.com/netherlands/moving-to-the-netherlands/,https://www.expatcopilot.com/netherlands/moving-to-the-netherlands?from=germany,from,not_fetched,,unknown,yes_html_crawl,low,DISCOVERED_PARAM_LINK,P3
https://www.expatcopilot.com/netherlands/visa-timeline-estimator/,https://www.expatcopilot.com/netherlands/visa-timeline-estimator?scenario=self-employed-consultant,scenario,not_fetched,,unknown,yes_html_crawl,low,DISCOVERED_PARAM_LINK,P3
https://www.expatcopilot.com/netherlands/moving/tools/document-readiness/,https://www.expatcopilot.com/netherlands/moving/tools/document-readiness?from=brazil,from,not_fetched,,unknown,yes_html_crawl,low,DISCOVERED_PARAM_LINK,P3
https://www.expatcopilot.com/netherlands/moving/tools/moving-checklist/,https://www.expatcopilot.com/netherlands/moving/tools/moving-checklist?from=australia,from,not_fetched,,unknown,yes_html_crawl,low,DISCOVERED_PARAM_LINK,P3
https://www.expatcopilot.com/netherlands/moving/tools/relocation-cost-estimator/,https://www.expatcopilot.com/netherlands/moving/tools/relocation-cost-estimator?from=canada,from,not_fetched,,unknown,yes_html_crawl,low,DISCOVERED_PARAM_LINK,P3
https://www.expatcopilot.com/netherlands/moving/tools/arrival-planner/,https://www.expatcopilot.com/netherlands/moving/tools/arrival-planner?from=south-korea,from,not_fetched,,unknown,yes_html_crawl,low,DISCOVERED_PARAM_LINK,P3
https://www.expatcopilot.com/netherlands/moving/tools/first-90-days/,https://www.expatcopilot.com/netherlands/moving/tools/first-90-days?from=uae,from,not_fetched,,unknown,yes_html_crawl,low,DISCOVERED_PARAM_LINK,P3
https://www.expatcopilot.com/netherlands/moving-to-the-netherlands/,https://www.expatcopilot.com/netherlands/moving-to-the-netherlands?from=switzerland,from,not_fetched,,unknown,yes_html_crawl,low,DISCOVERED_PARAM_LINK,P3
https://www.expatcopilot.com/netherlands/moving/tools/document-readiness/,https://www.expatcopilot.com/netherlands/moving/tools/document-readiness?from=switzerland,from,not_fetched,,unknown,yes_html_crawl,low,DISCOVERED_PARAM_LINK,P3
https://www.expatcopilot.com/netherlands/moving/tools/document-readiness/,https://www.expatcopilot.com/netherlands/moving/tools/document-readiness?from=india,from,not_fetched,,unknown,yes_html_crawl,low,DISCOVERED_PARAM_LINK,P3
https://www.expatcopilot.com/netherlands/moving/tools/arrival-planner/,https://www.expatcopilot.com/netherlands/moving/tools/arrival-planner?from=germany,from,not_fetched,,unknown,yes_html_crawl,low,DISCOVERED_PARAM_LINK,P3
https://www.expatcopilot.com/netherlands/moving/tools/arrival-planner/,https://www.expatcopilot.com/netherlands/moving/tools/arrival-planner?from=switzerland,from,not_fetched,,unknown,yes_html_crawl,low,DISCOVERED_PARAM_LINK,P3
https://www.expatcopilot.com/netherlands/moving/tools/document-readiness/,https://www.expatcopilot.com/netherlands/moving/tools/document-readiness?from=australia,from,not_fetched,,unknown,yes_html_crawl,low,DISCOVERED_PARAM_LINK,P3
https://www.expatcopilot.com/netherlands/moving/tools/document-readiness/,https://www.expatcopilot.com/netherlands/moving/tools/document-readiness?from=singapore,from,not_fetched,,unknown,yes_html_crawl,low,DISCOVERED_PARAM_LINK,P3
https://www.expatcopilot.com/netherlands/moving/tools/first-90-days/,https://www.expatcopilot.com/netherlands/moving/tools/first-90-days?arrivalStage=just-arrived,arrivalStage,not_fetched,,unknown,yes_html_crawl,low,DISCOVERED_PARAM_LINK,P3
https://www.expatcopilot.com/netherlands/moving/tools/first-90-days/,https://www.expatcopilot.com/netherlands/moving/tools/first-90-days?from=france,from,not_fetched,,unknown,yes_html_crawl,low,DISCOVERED_PARAM_LINK,P3
https://www.expatcopilot.com/netherlands/moving/tools/relocation-cost-estimator/,https://www.expatcopilot.com/netherlands/moving/tools/relocation-cost-estimator?from=south-africa,from,not_fetched,,unknown,yes_html_crawl,low,DISCOVERED_PARAM_LINK,P3
https://www.expatcopilot.com/netherlands/moving/tools/moving-checklist/,https://www.expatcopilot.com/netherlands/moving/tools/moving-checklist?from=france,from,not_fetched,,unknown,yes_html_crawl,low,DISCOVERED_PARAM_LINK,P3
https://www.expatcopilot.com/netherlands/document-readiness-checker/,https://www.expatcopilot.com/netherlands/document-readiness-checker?from=south-africa,from,not_fetched,,unknown,yes_html_crawl,low,DISCOVERED_PARAM_LINK,P3
https://www.expatcopilot.com/netherlands/moving/tools/moving-checklist/,https://www.expatcopilot.com/netherlands/moving/tools/moving-checklist?from=spain,from,not_fetched,,unknown,yes_html_crawl,low,DISCOVERED_PARAM_LINK,P3
https://www.expatcopilot.com/netherlands/document-readiness-checker/,https://www.expatcopilot.com/netherlands/document-readiness-checker?scenario=eu-blue-card-couple,scenario,not_fetched,,unknown,yes_html_crawl,low,DISCOVERED_PARAM_LINK,P3
https://www.expatcopilot.com/netherlands/first-60-days-netherlands/,https://www.expatcopilot.com/netherlands/first-60-days-netherlands?from=south-africa,from,not_fetched,,unknown,yes_html_crawl,low,DISCOVERED_PARAM_LINK,P3
https://www.expatcopilot.com/netherlands/document-readiness-checker/,https://www.expatcopilot.com/netherlands/document-readiness-checker?from=united-kingdom,from,not_fetched,,unknown,yes_html_crawl,low,DISCOVERED_PARAM_LINK,P3
https://www.expatcopilot.com/netherlands/document-readiness-checker/,https://www.expatcopilot.com/netherlands/document-readiness-checker?from=united-states,from,not_fetched,,unknown,yes_html_crawl,low,DISCOVERED_PARAM_LINK,P3
https://www.expatcopilot.com/netherlands/visa-timeline-estimator/,https://www.expatcopilot.com/netherlands/visa-timeline-estimator?scenario=india-hsm,scenario,not_fetched,,unknown,yes_html_crawl,low,DISCOVERED_PARAM_LINK,P3
https://www.expatcopilot.com/netherlands/moving-to-the-netherlands/,https://www.expatcopilot.com/netherlands/moving-to-the-netherlands?from=indonesia,from,not_fetched,,unknown,yes_html_crawl,low,DISCOVERED_PARAM_LINK,P3
https://www.expatcopilot.com/netherlands/document-readiness-checker/,https://www.expatcopilot.com/netherlands/document-readiness-checker?from=singapore,from,not_fetched,,unknown,yes_html_crawl,low,DISCOVERED_PARAM_LINK,P3
https://www.expatcopilot.com/netherlands/moving/tools/arrival-planner/,https://www.expatcopilot.com/netherlands/moving/tools/arrival-planner?from=indonesia,from,not_fetched,,unknown,yes_html_crawl,low,DISCOVERED_PARAM_LINK,P3
https://www.expatcopilot.com/netherlands/moving/tools/first-90-days/,https://www.expatcopilot.com/netherlands/moving/tools/first-90-days?from=mexico,from,not_fetched,,unknown,yes_html_crawl,low,DISCOVERED_PARAM_LINK,P3
https://www.expatcopilot.com/netherlands/document-readiness-checker/,https://www.expatcopilot.com/netherlands/document-readiness-checker?from=new-zealand,from,not_fetched,,unknown,yes_html_crawl,low,DISCOVERED_PARAM_LINK,P3
https://www.expatcopilot.com/netherlands/moving/tools/relocation-cost-estimator/,https://www.expatcopilot.com/netherlands/moving/tools/relocation-cost-estimator?from=spain,from,not_fetched,,unknown,yes_html_crawl,low,DISCOVERED_PARAM_LINK,P3
https://www.expatcopilot.com/netherlands/moving/tools/arrival-planner/,https://www.expatcopilot.com/netherlands/moving/tools/arrival-planner?from=sweden,from,not_fetched,,unknown,yes_html_crawl,low,DISCOVERED_PARAM_LINK,P3
https://www.expatcopilot.com/netherlands/moving/tools/moving-checklist/,https://www.expatcopilot.com/netherlands/moving/tools/moving-checklist?from=indonesia,from,not_fetched,,unknown,yes_html_crawl,low,DISCOVERED_PARAM_LINK,P3
https://www.expatcopilot.com/netherlands/moving-to-the-netherlands/,https://www.expatcopilot.com/netherlands/moving-to-the-netherlands?from=singapore,from,not_fetched,,unknown,yes_html_crawl,low,DISCOVERED_PARAM_LINK,P3
https://www.expatcopilot.com/netherlands/visa-cost-calculator/,https://www.expatcopilot.com/netherlands/visa-cost-calculator?from=ireland,from,not_fetched,,unknown,yes_html_crawl,low,DISCOVERED_PARAM_LINK,P3
https://www.expatcopilot.com/netherlands/moving/tools/first-90-days/,https://www.expatcopilot.com/netherlands/moving/tools/first-90-days?arrivalStage=arriving-soon&amp;household=solo&amp;startingJobSoon=yes&amp;needsIntegrationAwareness=yes&amp;from=south-africa&amp;needsDrivingSoon=false&amp;housingSituation=temporary&amp;hasBankAccountAlready=false&amp;hasBSNAlready=false&amp;wantsLanguageSupport=true&amp;hasKidsAdminNeeds=false&amp;needsUtilitiesSetup=true,"arrivalStage,amp;household,amp;startingJobSoon,amp;needsIntegrationAwareness,amp;from,amp;needsDrivingSoon,amp;housingSituation,amp;hasBankAccountAlready,amp;hasBSNAlready,amp;wantsLanguageSupport,amp;hasKidsAdminNeeds,amp;needsUtilitiesSetup",not_fetched,,unknown,yes_html_crawl,low,DISCOVERED_PARAM_LINK,P3
https://www.expatcopilot.com/netherlands/moving/tools/moving-checklist/,https://www.expatcopilot.com/netherlands/moving/tools/moving-checklist?from=south-africa&amp;stage=already-arrived&amp;household=solo&amp;employment=employed&amp;region=non-eu&amp;city=amsterdam,"from,amp;stage,amp;household,amp;employment,amp;region,amp;city",not_fetched,,unknown,yes_html_crawl,low,DISCOVERED_PARAM_LINK,P3
https://www.expatcopilot.com/netherlands/living/tools/utilities-services-comparison/,https://www.expatcopilot.com/netherlands/living/tools/utilities-services-comparison?s=eyJwbGFubmVyTW9kZSI6ImRldGFpbGVkIiwiY2l0eSI6ImFtc3RlcmRhbSIsIm1vdmVTdGFnZSI6Im1vdmluZ19zb29uIiwiaG91c2Vob2xkVHlwZSI6InNpbmdsZSIsImFkdWx0c0NvdW50IjoxLCJjaGlsZHJlbkNvdW50IjowLCJyZW50ZXJPck93bmVyIjoicmVudGVyIiwidXRpbGl0aWVzSW5jbHVkZWRJblJlbnQiOiJubyIsImhvdXNpbmdUeXBlIjoic3R1ZGlvIiwic2l6ZUJhbmQiOiJzbWFsbCIsImVuZXJneVF1YWxpdHkiOiJhdmVyYWdlIiwiaGVhdGluZyI6ImdhcyIsImZ1cm5pc2hlZCI6InVuZnVybmlzaGVkIiwibGFuZGxvcmRCdWlsZGluZ0luY2x1ZGVzU2VydmljZXMiOiJubyIsInVzYWdlTGV2ZWwiOiJhdmVyYWdlIiwiaW50ZXJuZXRUaWVyIjoic3RhbmRhcmQiLCJtb2JpbGVVc2FnZSI6InN0YW5kYXJkIiwibW9iaWxlTGluZXMiOjEsImV2SGVhdnkiOmZhbHNlLCJ3ZmhIZWF2eSI6ZmFsc2UsImluY2x1ZGVJbnRlcm5ldCI6dHJ1ZSwiaW5jbHVkZU1vYmlsZSI6dHJ1ZSwiaW5jbHVkZVR2TWVkaWEiOmZhbHNlLCJpbmNsdWRlQ29udGVudHNJbnN1cmFuY2UiOnRydWUsImluY2x1ZGVMaWFiaWxpdHlJbnN1cmFuY2UiOnRydWUsInByaW9yaXR5IjoiYmFsYW5jZWQiLCJtb3ZpbmdEYXRlTm90ZSI6IiIsInNob3J0VGVybU92ZXJsYXAiOmZhbHNlfQ,s,not_fetched,,unknown,yes_html_crawl,low,DISCOVERED_PARAM_LINK,P3
https://www.expatcopilot.com/netherlands/moving-to-the-netherlands/,https://www.expatcopilot.com/netherlands/moving-to-the-netherlands?from=australia,from,not_fetched,,unknown,yes_html_crawl,low,DISCOVERED_PARAM_LINK,P3
https://www.expatcopilot.com/netherlands/moving/tools/arrival-planner/,https://www.expatcopilot.com/netherlands/moving/tools/arrival-planner?from=italy,from,not_fetched,,unknown,yes_html_crawl,low,DISCOVERED_PARAM_LINK,P3
https://www.expatcopilot.com/netherlands/moving/tools/arrival-planner/,https://www.expatcopilot.com/netherlands/moving/tools/arrival-planner?from=united-kingdom,from,not_fetched,,unknown,yes_html_crawl,low,DISCOVERED_PARAM_LINK,P3
https://www.expatcopilot.com/netherlands/moving/tools/first-90-days/,https://www.expatcopilot.com/netherlands/moving/tools/first-90-days?from=ireland,from,not_fetched,,unknown,yes_html_crawl,low,DISCOVERED_PARAM_LINK,P3
https://www.expatcopilot.com/netherlands/document-readiness-checker/,https://www.expatcopilot.com/netherlands/document-readiness-checker?from=australia,from,not_fetched,,unknown,yes_html_crawl,low,DISCOVERED_PARAM_LINK,P3
https://www.expatcopilot.com/netherlands/visa-application-plan/,https://www.expatcopilot.com/netherlands/visa-application-plan?scenario=uk-student,scenario,not_fetched,,unknown,yes_html_crawl,low,DISCOVERED_PARAM_LINK,P3
https://www.expatcopilot.com/netherlands/moving/tools/arrival-planner/,https://www.expatcopilot.com/netherlands/moving/tools/arrival-planner?from=india&amp;addressStatus=soon&amp;household=partner&amp;needBankingSoon=yes,"from,amp;addressStatus,amp;household,amp;needBankingSoon",not_fetched,,unknown,yes_html_crawl,low,DISCOVERED_PARAM_LINK,P3
https://www.expatcopilot.com/netherlands/visa-cost-calculator/,https://www.expatcopilot.com/netherlands/visa-cost-calculator?scenario=solo-freelancer,scenario,not_fetched,,unknown,yes_html_crawl,low,DISCOVERED_PARAM_LINK,P3
https://www.expatcopilot.com/netherlands/living/tools/utilities-services-comparison/,https://www.expatcopilot.com/netherlands/living/tools/utilities-services-comparison?s=eyJwbGFubmVyTW9kZSI6ImRldGFpbGVkIiwiY2l0eSI6ImFtc3RlcmRhbSIsIm1vdmVTdGFnZSI6Im1vdmluZ19zb29uIiwiaG91c2Vob2xkVHlwZSI6ImNvdXBsZSIsImFkdWx0c0NvdW50IjoyLCJjaGlsZHJlbkNvdW50IjowLCJyZW50ZXJPck93bmVyIjoicmVudGVyIiwidXRpbGl0aWVzSW5jbHVkZWRJblJlbnQiOiJubyIsImhvdXNpbmdUeXBlIjoibGFyZ2VyX2hvdXNlIiwic2l6ZUJhbmQiOiJsYXJnZSIsImVuZXJneVF1YWxpdHkiOiJsb3ciLCJoZWF0aW5nIjoiZ2FzIiwiZnVybmlzaGVkIjoidW5mdXJuaXNoZWQiLCJsYW5kbG9yZEJ1aWxkaW5nSW5jbHVkZXNTZXJ2aWNlcyI6Im5vIiwidXNhZ2VMZXZlbCI6ImF2ZXJhZ2UiLCJpbnRlcm5ldFRpZXIiOiJzdGFuZGFyZCIsIm1vYmlsZVVzYWdlIjoic3RhbmRhcmQiLCJtb2JpbGVMaW5lcyI6MiwiZXZIZWF2eSI6ZmFsc2UsIndmaEhlYXZ5IjpmYWxzZSwiaW5jbHVkZUludGVybmV0Ijp0cnVlLCJpbmNsdWRlTW9iaWxlIjp0cnVlLCJpbmNsdWRlVHZNZWRpYSI6ZmFsc2UsImluY2x1ZGVDb250ZW50c0luc3VyYW5jZSI6dHJ1ZSwiaW5jbHVkZUxpYWJpbGl0eUluc3VyYW5jZSI6dHJ1ZSwicHJpb3JpdHkiOiJiYWxhbmNlZCIsIm1vdmluZ0RhdGVOb3RlIjoiIiwic2hvcnRUZXJtT3ZlcmxhcCI6ZmFsc2V9,s,not_fetched,,unknown,yes_html_crawl,low,DISCOVERED_PARAM_LINK,P3
https://www.expatcopilot.com/netherlands/first-90-days-netherlands/,https://www.expatcopilot.com/netherlands/first-90-days-netherlands?from=south-africa,from,not_fetched,,unknown,yes_html_crawl,low,DISCOVERED_PARAM_LINK,P3
https://www.expatcopilot.com/netherlands/moving/tools/moving-checklist/,https://www.expatcopilot.com/netherlands/moving/tools/moving-checklist?from=germany&amp;stage=before-move&amp;household=solo&amp;employment=employed&amp;region=eu,"from,amp;stage,amp;household,amp;employment,amp;region",not_fetched,,unknown,yes_html_crawl,low,DISCOVERED_PARAM_LINK,P3
https://www.expatcopilot.com/netherlands/moving/tools/document-readiness/,https://www.expatcopilot.com/netherlands/moving/tools/document-readiness?from=germany,from,not_fetched,,unknown,yes_html_crawl,low,DISCOVERED_PARAM_LINK,P3
https://www.expatcopilot.com/netherlands/moving/tools/document-readiness/,https://www.expatcopilot.com/netherlands/moving/tools/document-readiness?from=chile,from,not_fetched,,unknown,yes_html_crawl,low,DISCOVERED_PARAM_LINK,P3
https://www.expatcopilot.com/netherlands/moving-to-the-netherlands/,https://www.expatcopilot.com/netherlands/moving-to-the-netherlands?from=nigeria,from,not_fetched,,unknown,yes_html_crawl,low,DISCOVERED_PARAM_LINK,P3
https://www.expatcopilot.com/netherlands/moving/tools/first-90-days/,https://www.expatcopilot.com/netherlands/moving/tools/first-90-days?from=united-states,from,not_fetched,,unknown,yes_html_crawl,low,DISCOVERED_PARAM_LINK,P3
https://www.expatcopilot.com/netherlands/moving/tools/relocation-cost-estimator/,https://www.expatcopilot.com/netherlands/moving/tools/relocation-cost-estimator?from=germany,from,not_fetched,,unknown,yes_html_crawl,low,DISCOVERED_PARAM_LINK,P3
https://www.expatcopilot.com/netherlands/moving/tools/first-90-days/,https://www.expatcopilot.com/netherlands/moving/tools/first-90-days?from=norway,from,not_fetched,,unknown,yes_html_crawl,low,DISCOVERED_PARAM_LINK,P3
https://www.expatcopilot.com/netherlands/visa-checker/,https://www.expatcopilot.com/netherlands/visa-checker?scenario=consultant-exploring,scenario,not_fetched,,unknown,yes_html_crawl,low,DISCOVERED_PARAM_LINK,P3
https://www.expatcopilot.com/netherlands/moving/tools/first-90-days/,https://www.expatcopilot.com/netherlands/moving/tools/first-90-days?arrivalStage=already-arrived&amp;household=solo&amp;startingJobSoon=no&amp;needsIntegrationAwareness=no&amp;from=south-africa&amp;needsDrivingSoon=false&amp;housingSituation=stable-rental&amp;hasBankAccountAlready=true&amp;hasBSNAlready=true&amp;wantsLanguageSupport=false&amp;hasKidsAdminNeeds=false&amp;needsUtilitiesSetup=false,"arrivalStage,amp;household,amp;startingJobSoon,amp;needsIntegrationAwareness,amp;from,amp;needsDrivingSoon,amp;housingSituation,amp;hasBankAccountAlready,amp;hasBSNAlready,amp;wantsLanguageSupport,amp;hasKidsAdminNeeds,amp;needsUtilitiesSetup",not_fetched,,unknown,yes_html_crawl,low,DISCOVERED_PARAM_LINK,P3
https://www.expatcopilot.com/netherlands/visa-cost-calculator/,https://www.expatcopilot.com/netherlands/visa-cost-calculator?from=france,from,not_fetched,,unknown,yes_html_crawl,low,DISCOVERED_PARAM_LINK,P3
https://www.expatcopilot.com/netherlands/moving/tools/arrival-planner/,https://www.expatcopilot.com/netherlands/moving/tools/arrival-planner?from=japan,from,not_fetched,,unknown,yes_html_crawl,low,DISCOVERED_PARAM_LINK,P3
https://www.expatcopilot.com/netherlands/visa-cost-calculator/,https://www.expatcopilot.com/netherlands/visa-cost-calculator?from=chile,from,not_fetched,,unknown,yes_html_crawl,low,DISCOVERED_PARAM_LINK,P3
https://www.expatcopilot.com/netherlands/moving-to-the-netherlands/,https://www.expatcopilot.com/netherlands/moving-to-the-netherlands?from=new-zealand,from,not_fetched,,unknown,yes_html_crawl,low,DISCOVERED_PARAM_LINK,P3
https://www.expatcopilot.com/netherlands/visa-cost-calculator/,https://www.expatcopilot.com/netherlands/visa-cost-calculator?scenario=indian-hsm,scenario,not_fetched,,unknown,yes_html_crawl,low,DISCOVERED_PARAM_LINK,P3
https://www.expatcopilot.com/netherlands/moving/tools/document-readiness/,https://www.expatcopilot.com/netherlands/moving/tools/document-readiness?from=denmark,from,not_fetched,,unknown,yes_html_crawl,low,DISCOVERED_PARAM_LINK,P3
https://www.expatcopilot.com/netherlands/moving/tools/first-90-days/,https://www.expatcopilot.com/netherlands/moving/tools/first-90-days?from=brazil,from,not_fetched,,unknown,yes_html_crawl,low,DISCOVERED_PARAM_LINK,P3
https://www.expatcopilot.com/netherlands/moving/tools/moving-checklist/,https://www.expatcopilot.com/netherlands/moving/tools/moving-checklist?from=united-kingdom,from,not_fetched,,unknown,yes_html_crawl,low,DISCOVERED_PARAM_LINK,P3
https://www.expatcopilot.com/netherlands/moving/tools/moving-checklist/,https://www.expatcopilot.com/netherlands/moving/tools/moving-checklist?from=india&amp;stage=before-move&amp;household=kids&amp;employment=job-offer&amp;region=non-eu,"from,amp;stage,amp;household,amp;employment,amp;region",not_fetched,,unknown,yes_html_crawl,low,DISCOVERED_PARAM_LINK,P3
https://www.expatcopilot.com/netherlands/moving/tools/arrival-planner/,https://www.expatcopilot.com/netherlands/moving/tools/arrival-planner?from=south-africa,from,not_fetched,,unknown,yes_html_crawl,low,DISCOVERED_PARAM_LINK,P3
https://www.expatcopilot.com/netherlands/moving/tools/moving-checklist/,https://www.expatcopilot.com/netherlands/moving/tools/moving-checklist?from=switzerland,from,not_fetched,,unknown,yes_html_crawl,low,DISCOVERED_PARAM_LINK,P3
https://www.expatcopilot.com/netherlands/document-readiness-checker/,https://www.expatcopilot.com/netherlands/document-readiness-checker?scenario=us-founder-daft,scenario,not_fetched,,unknown,yes_html_crawl,low,DISCOVERED_PARAM_LINK,P3
https://www.expatcopilot.com/netherlands/moving/tools/arrival-planner/,https://www.expatcopilot.com/netherlands/moving/tools/arrival-planner?from=singapore,from,not_fetched,,unknown,yes_html_crawl,low,DISCOVERED_PARAM_LINK,P3
https://www.expatcopilot.com/netherlands/moving/tools/relocation-cost-estimator/,https://www.expatcopilot.com/netherlands/moving/tools/relocation-cost-estimator?from=uae,from,not_fetched,,unknown,yes_html_crawl,low,DISCOVERED_PARAM_LINK,P3
https://www.expatcopilot.com/netherlands/moving/tools/arrival-planner/,https://www.expatcopilot.com/netherlands/moving/tools/arrival-planner?from=south-africa&amp;addressStatus=no&amp;household=solo&amp;needBankingSoon=yes,"from,amp;addressStatus,amp;household,amp;needBankingSoon",not_fetched,,unknown,yes_html_crawl,low,DISCOVERED_PARAM_LINK,P3
https://www.expatcopilot.com/netherlands/visa-timeline-estimator/,https://www.expatcopilot.com/netherlands/visa-timeline-estimator?scenario=us-daft,scenario,not_fetched,,unknown,yes_html_crawl,low,DISCOVERED_PARAM_LINK,P3
https://www.expatcopilot.com/netherlands/document-readiness-checker/,https://www.expatcopilot.com/netherlands/document-readiness-checker?from=pakistan,from,not_fetched,,unknown,yes_html_crawl,low,DISCOVERED_PARAM_LINK,P3
https://www.expatcopilot.com/netherlands/moving/tools/moving-checklist/,https://www.expatcopilot.com/netherlands/moving/tools/moving-checklist?from=sweden,from,not_fetched,,unknown,yes_html_crawl,low,DISCOVERED_PARAM_LINK,P3
https://www.expatcopilot.com/netherlands/document-readiness-checker/,https://www.expatcopilot.com/netherlands/document-readiness-checker?from=uae,from,not_fetched,,unknown,yes_html_crawl,low,DISCOVERED_PARAM_LINK,P3
https://www.expatcopilot.com/netherlands/moving/tools/relocation-cost-estimator/,https://www.expatcopilot.com/netherlands/moving/tools/relocation-cost-estimator?from=kenya,from,not_fetched,,unknown,yes_html_crawl,low,DISCOVERED_PARAM_LINK,P3
https://www.expatcopilot.com/netherlands/moving/tools/moving-checklist/,https://www.expatcopilot.com/netherlands/moving/tools/moving-checklist?from=brazil,from,not_fetched,,unknown,yes_html_crawl,low,DISCOVERED_PARAM_LINK,P3
https://www.expatcopilot.com/contact/,https://www.expatcopilot.com/contact?topic=financial-advisors-netherlands,topic,not_fetched,,unknown,yes_html_crawl,low,DISCOVERED_PARAM_LINK,P3
https://www.expatcopilot.com/netherlands/moving/tools/relocation-cost-estimator/,https://www.expatcopilot.com/netherlands/moving/tools/relocation-cost-estimator?from=france,from,not_fetched,,unknown,yes_html_crawl,low,DISCOVERED_PARAM_LINK,P3
https://www.expatcopilot.com/netherlands/visa-cost-calculator/,https://www.expatcopilot.com/netherlands/visa-cost-calculator?from=india,from,not_fetched,,unknown,yes_html_crawl,low,DISCOVERED_PARAM_LINK,P3
https://www.expatcopilot.com/netherlands/moving/tools/document-readiness/,https://www.expatcopilot.com/netherlands/moving/tools/document-readiness?from=france,from,not_fetched,,unknown,yes_html_crawl,low,DISCOVERED_PARAM_LINK,P3
https://www.expatcopilot.com/netherlands/moving/tools/document-readiness/,https://www.expatcopilot.com/netherlands/moving/tools/document-readiness?from=mexico,from,not_fetched,,unknown,yes_html_crawl,low,DISCOVERED_PARAM_LINK,P3
https://www.expatcopilot.com/netherlands/moving/tools/moving-checklist/,https://www.expatcopilot.com/netherlands/moving/tools/moving-checklist?from=south-africa,from,not_fetched,,unknown,yes_html_crawl,low,DISCOVERED_PARAM_LINK,P3
https://www.expatcopilot.com/netherlands/visa-cost-calculator/,https://www.expatcopilot.com/netherlands/visa-cost-calculator?from=brazil,from,not_fetched,,unknown,yes_html_crawl,low,DISCOVERED_PARAM_LINK,P3
https://www.expatcopilot.com/netherlands/moving/tools/document-readiness/,https://www.expatcopilot.com/netherlands/moving/tools/document-readiness?from=new-zealand,from,not_fetched,,unknown,yes_html_crawl,low,DISCOVERED_PARAM_LINK,P3
https://www.expatcopilot.com/netherlands/moving/tools/moving-checklist/,https://www.expatcopilot.com/netherlands/moving/tools/moving-checklist?household=kids,household,not_fetched,,unknown,yes_html_crawl,low,DISCOVERED_PARAM_LINK,P3
https://www.expatcopilot.com/contact/,https://www.expatcopilot.com/contact?topic=mortgage-advisors-netherlands,topic,not_fetched,,unknown,yes_html_crawl,low,DISCOVERED_PARAM_LINK,P3
https://www.expatcopilot.com/netherlands/visa-application-plan/,https://www.expatcopilot.com/netherlands/visa-application-plan?scenario=family-work-sponsor,scenario,not_fetched,,unknown,yes_html_crawl,low,DISCOVERED_PARAM_LINK,P3
https://www.expatcopilot.com/netherlands/moving-to-the-netherlands/,https://www.expatcopilot.com/netherlands/moving-to-the-netherlands?from=norway,from,not_fetched,,unknown,yes_html_crawl,low,DISCOVERED_PARAM_LINK,P3
https://www.expatcopilot.com/netherlands/moving/tools/moving-checklist/,https://www.expatcopilot.com/netherlands/moving/tools/moving-checklist?from=united-kingdom&amp;stage=arriving-soon&amp;household=partner&amp;employment=job-offer&amp;region=non-eu,"from,amp;stage,amp;household,amp;employment,amp;region",not_fetched,,unknown,yes_html_crawl,low,DISCOVERED_PARAM_LINK,P3
https://www.expatcopilot.com/netherlands/moving/tools/arrival-planner/,https://www.expatcopilot.com/netherlands/moving/tools/arrival-planner?from=kenya,from,not_fetched,,unknown,yes_html_crawl,low,DISCOVERED_PARAM_LINK,P3
https://www.expatcopilot.com/netherlands/moving/tools/document-readiness/,https://www.expatcopilot.com/netherlands/moving/tools/document-readiness?from=uae,from,not_fetched,,unknown,yes_html_crawl,low,DISCOVERED_PARAM_LINK,P3
https://www.expatcopilot.com/netherlands/moving/tools/relocation-cost-estimator/,https://www.expatcopilot.com/netherlands/moving/tools/relocation-cost-estimator?from=chile,from,not_fetched,,unknown,yes_html_crawl,low,DISCOVERED_PARAM_LINK,P3
https://www.expatcopilot.com/netherlands/visa-checker/,https://www.expatcopilot.com/netherlands/visa-checker?scenario=partner-join,scenario,not_fetched,,unknown,yes_html_crawl,low,DISCOVERED_PARAM_LINK,P3
https://www.expatcopilot.com/netherlands/visa-checker/,https://www.expatcopilot.com/netherlands/visa-checker?scenario=uk-student,scenario,not_fetched,,unknown,yes_html_crawl,low,DISCOVERED_PARAM_LINK,P3
https://www.expatcopilot.com/netherlands/document-readiness-checker/,https://www.expatcopilot.com/netherlands/document-readiness-checker?scenario=self-employed-consultant-solo,scenario,not_fetched,,unknown,yes_html_crawl,low,DISCOVERED_PARAM_LINK,P3
https://www.expatcopilot.com/netherlands/moving-to-the-netherlands/,https://www.expatcopilot.com/netherlands/moving-to-the-netherlands?from=denmark,from,not_fetched,,unknown,yes_html_crawl,low,DISCOVERED_PARAM_LINK,P3
https://www.expatcopilot.com/netherlands/moving/tools/relocation-cost-estimator/,https://www.expatcopilot.com/netherlands/moving/tools/relocation-cost-estimator?from=singapore,from,not_fetched,,unknown,yes_html_crawl,low,DISCOVERED_PARAM_LINK,P3
https://www.expatcopilot.com/netherlands/moving/tools/document-readiness/,https://www.expatcopilot.com/netherlands/moving/tools/document-readiness?from=italy,from,not_fetched,,unknown,yes_html_crawl,low,DISCOVERED_PARAM_LINK,P3
https://www.expatcopilot.com/netherlands/moving/tools/moving-checklist/,https://www.expatcopilot.com/netherlands/moving/tools/moving-checklist?employment=job-offer,employment,not_fetched,,unknown,yes_html_crawl,low,DISCOVERED_PARAM_LINK,P3
https://www.expatcopilot.com/netherlands/document-readiness-checker/,https://www.expatcopilot.com/netherlands/document-readiness-checker?scenario=south-african-family-partner,scenario,not_fetched,,unknown,yes_html_crawl,low,DISCOVERED_PARAM_LINK,P3
https://www.expatcopilot.com/netherlands/living/tools/utilities-services-comparison/,https://www.expatcopilot.com/netherlands/living/tools/utilities-services-comparison?s=eyJwbGFubmVyTW9kZSI6ImRldGFpbGVkIiwiY2l0eSI6ImFtc3RlcmRhbSIsIm1vdmVTdGFnZSI6Im1vdmluZ19zb29uIiwiaG91c2Vob2xkVHlwZSI6ImNvdXBsZSIsImFkdWx0c0NvdW50IjoyLCJjaGlsZHJlbkNvdW50IjowLCJyZW50ZXJPck93bmVyIjoicmVudGVyIiwidXRpbGl0aWVzSW5jbHVkZWRJblJlbnQiOiJubyIsImhvdXNpbmdUeXBlIjoiYXBhcnRtZW50Iiwic2l6ZUJhbmQiOiJtZWRpdW0iLCJlbmVyZ3lRdWFsaXR5IjoiYXZlcmFnZSIsImhlYXRpbmciOiJnYXMiLCJmdXJuaXNoZWQiOiJ1bmZ1cm5pc2hlZCIsImxhbmRsb3JkQnVpbGRpbmdJbmNsdWRlc1NlcnZpY2VzIjoibm8iLCJ1c2FnZUxldmVsIjoiYXZlcmFnZSIsImludGVybmV0VGllciI6ImZhc3QiLCJtb2JpbGVVc2FnZSI6InN0YW5kYXJkIiwibW9iaWxlTGluZXMiOjIsImV2SGVhdnkiOmZhbHNlLCJ3ZmhIZWF2eSI6dHJ1ZSwiaW5jbHVkZUludGVybmV0Ijp0cnVlLCJpbmNsdWRlTW9iaWxlIjp0cnVlLCJpbmNsdWRlVHZNZWRpYSI6ZmFsc2UsImluY2x1ZGVDb250ZW50c0luc3VyYW5jZSI6dHJ1ZSwiaW5jbHVkZUxpYWJpbGl0eUluc3VyYW5jZSI6dHJ1ZSwicHJpb3JpdHkiOiJxdWFsaXR5IiwibW92aW5nRGF0ZU5vdGUiOiIiLCJzaG9ydFRlcm1PdmVybGFwIjpmYWxzZX0,s,not_fetched,,unknown,yes_html_crawl,low,DISCOVERED_PARAM_LINK,P3
https://www.expatcopilot.com/netherlands/moving/tools/first-90-days/,https://www.expatcopilot.com/netherlands/moving/tools/first-90-days?household=kids,household,not_fetched,,unknown,yes_html_crawl,low,DISCOVERED_PARAM_LINK,P3
https://www.expatcopilot.com/netherlands/visa-cost-calculator/,https://www.expatcopilot.com/netherlands/visa-cost-calculator?from=united-states,from,not_fetched,,unknown,yes_html_crawl,low,DISCOVERED_PARAM_LINK,P3
https://www.expatcopilot.com/netherlands/visa-cost-calculator/,https://www.expatcopilot.com/netherlands/visa-cost-calculator?from=uae,from,not_fetched,,unknown,yes_html_crawl,low,DISCOVERED_PARAM_LINK,P3
https://www.expatcopilot.com/netherlands/visa-checker/,https://www.expatcopilot.com/netherlands/visa-checker?scenario=india-hsm,scenario,not_fetched,,unknown,yes_html_crawl,low,DISCOVERED_PARAM_LINK,P3
https://www.expatcopilot.com/netherlands/moving/tools/document-readiness/,https://www.expatcopilot.com/netherlands/moving/tools/document-readiness?from=turkey,from,not_fetched,,unknown,yes_html_crawl,low,DISCOVERED_PARAM_LINK,P3
https://www.expatcopilot.com/netherlands/moving-to-the-netherlands/,https://www.expatcopilot.com/netherlands/moving-to-the-netherlands?from=spain,from,not_fetched,,unknown,yes_html_crawl,low,DISCOVERED_PARAM_LINK,P3
https://www.expatcopilot.com/netherlands/moving/tools/document-readiness/,https://www.expatcopilot.com/netherlands/moving/tools/document-readiness?from=spain,from,not_fetched,,unknown,yes_html_crawl,low,DISCOVERED_PARAM_LINK,P3
https://www.expatcopilot.com/netherlands/visa-cost-calculator/,https://www.expatcopilot.com/netherlands/visa-cost-calculator?from=pakistan,from,not_fetched,,unknown,yes_html_crawl,low,DISCOVERED_PARAM_LINK,P3
https://www.expatcopilot.com/netherlands/moving/tools/first-90-days/,https://www.expatcopilot.com/netherlands/moving/tools/first-90-days?from=australia,from,not_fetched,,unknown,yes_html_crawl,low,DISCOVERED_PARAM_LINK,P3
https://www.expatcopilot.com/netherlands/moving/tools/relocation-cost-estimator/,https://www.expatcopilot.com/netherlands/moving/tools/relocation-cost-estimator?from=argentina,from,not_fetched,,unknown,yes_html_crawl,low,DISCOVERED_PARAM_LINK,P3
https://www.expatcopilot.com/netherlands/document-readiness-checker/,https://www.expatcopilot.com/netherlands/document-readiness-checker?from=canada,from,not_fetched,,unknown,yes_html_crawl,low,DISCOVERED_PARAM_LINK,P3
https://www.expatcopilot.com/netherlands/moving/tools/arrival-planner/,https://www.expatcopilot.com/netherlands/moving/tools/arrival-planner?from=ireland,from,not_fetched,,unknown,yes_html_crawl,low,DISCOVERED_PARAM_LINK,P3
https://www.expatcopilot.com/netherlands/moving/tools/moving-checklist/,https://www.expatcopilot.com/netherlands/moving/tools/moving-checklist?from=kenya,from,not_fetched,,unknown,yes_html_crawl,low,DISCOVERED_PARAM_LINK,P3
https://www.expatcopilot.com/netherlands/moving/tools/first-90-days/,https://www.expatcopilot.com/netherlands/moving/tools/first-90-days?from=japan,from,not_fetched,,unknown,yes_html_crawl,low,DISCOVERED_PARAM_LINK,P3
https://www.expatcopilot.com/netherlands/moving/tools/arrival-planner/,https://www.expatcopilot.com/netherlands/moving/tools/arrival-planner?from=australia,from,not_fetched,,unknown,yes_html_crawl,low,DISCOVERED_PARAM_LINK,P3
https://www.expatcopilot.com/netherlands/document-readiness-checker/,https://www.expatcopilot.com/netherlands/document-readiness-checker?from=brazil,from,not_fetched,,unknown,yes_html_crawl,low,DISCOVERED_PARAM_LINK,P3
https://www.expatcopilot.com/netherlands/moving-to-the-netherlands/,https://www.expatcopilot.com/netherlands/moving-to-the-netherlands?from=argentina,from,not_fetched,,unknown,yes_html_crawl,low,DISCOVERED_PARAM_LINK,P3
https://www.expatcopilot.com/netherlands/documents-needed-to-move-netherlands/,https://www.expatcopilot.com/netherlands/documents-needed-to-move-netherlands?from=south-africa,from,not_fetched,,unknown,yes_html_crawl,low,DISCOVERED_PARAM_LINK,P3
https://www.expatcopilot.com/netherlands/visa-cost-calculator/,https://www.expatcopilot.com/netherlands/visa-cost-calculator?from=switzerland,from,not_fetched,,unknown,yes_html_crawl,low,DISCOVERED_PARAM_LINK,P3
https://www.expatcopilot.com/netherlands/document-readiness-checker/,https://www.expatcopilot.com/netherlands/document-readiness-checker?from=argentina,from,not_fetched,,unknown,yes_html_crawl,low,DISCOVERED_PARAM_LINK,P3
https://www.expatcopilot.com/netherlands/moving/tools/arrival-planner/,https://www.expatcopilot.com/netherlands/moving/tools/arrival-planner?from=germany&amp;addressStatus=yes&amp;household=partner&amp;needBankingSoon=no,"from,amp;addressStatus,amp;household,amp;needBankingSoon",not_fetched,,unknown,yes_html_crawl,low,DISCOVERED_PARAM_LINK,P3
https://www.expatcopilot.com/netherlands/moving/tools/arrival-planner/,https://www.expatcopilot.com/netherlands/moving/tools/arrival-planner?from=denmark,from,not_fetched,,unknown,yes_html_crawl,low,DISCOVERED_PARAM_LINK,P3
https://www.expatcopilot.com/netherlands/moving-to-the-netherlands/,https://www.expatcopilot.com/netherlands/moving-to-the-netherlands?from=turkey,from,not_fetched,,unknown,yes_html_crawl,low,DISCOVERED_PARAM_LINK,P3
https://www.expatcopilot.com/netherlands/moving/tools/moving-checklist/,https://www.expatcopilot.com/netherlands/moving/tools/moving-checklist?from=argentina,from,not_fetched,,unknown,yes_html_crawl,low,DISCOVERED_PARAM_LINK,P3
https://www.expatcopilot.com/netherlands/moving/tools/moving-checklist/,https://www.expatcopilot.com/netherlands/moving/tools/moving-checklist?from=germany,from,not_fetched,,unknown,yes_html_crawl,low,DISCOVERED_PARAM_LINK,P3
https://www.expatcopilot.com/netherlands/moving/tools/first-90-days/,https://www.expatcopilot.com/netherlands/moving/tools/first-90-days?from=nigeria,from,not_fetched,,unknown,yes_html_crawl,low,DISCOVERED_PARAM_LINK,P3
https://www.expatcopilot.com/netherlands/visa-cost-calculator/,https://www.expatcopilot.com/netherlands/visa-cost-calculator?scenario=south-african-family,scenario,not_fetched,,unknown,yes_html_crawl,low,DISCOVERED_PARAM_LINK,P3
https://www.expatcopilot.com/netherlands/moving-to-the-netherlands/,https://www.expatcopilot.com/netherlands/moving-to-the-netherlands?from=ireland,from,not_fetched,,unknown,yes_html_crawl,low,DISCOVERED_PARAM_LINK,P3
https://www.expatcopilot.com/netherlands/moving/tools/moving-checklist/,https://www.expatcopilot.com/netherlands/moving/tools/moving-checklist?from=south-africa&amp;stage=before-move&amp;household=solo&amp;employment=job-offer&amp;region=non-eu,"from,amp;stage,amp;household,amp;employment,amp;region",not_fetched,,unknown,yes_html_crawl,low,DISCOVERED_PARAM_LINK,P3
https://www.expatcopilot.com/netherlands/moving/twv-work-permit/,https://www.expatcopilot.com/netherlands/moving/twv-work-permit?from=south-africa,from,not_fetched,,unknown,yes_html_crawl,low,DISCOVERED_PARAM_LINK,P3
https://www.expatcopilot.com/netherlands/visa-cost-calculator/,https://www.expatcopilot.com/netherlands/visa-cost-calculator?scenario=us-daft,scenario,not_fetched,,unknown,yes_html_crawl,low,DISCOVERED_PARAM_LINK,P3
https://www.expatcopilot.com/netherlands/moving/tools/relocation-cost-estimator/,https://www.expatcopilot.com/netherlands/moving/tools/relocation-cost-estimator?from=philippines,from,not_fetched,,unknown,yes_html_crawl,low,DISCOVERED_PARAM_LINK,P3
https://www.expatcopilot.com/netherlands/document-readiness-checker/,https://www.expatcopilot.com/netherlands/document-readiness-checker?scenario=uk-student,scenario,not_fetched,,unknown,yes_html_crawl,low,DISCOVERED_PARAM_LINK,P3
https://www.expatcopilot.com/netherlands/moving-to-the-netherlands/,https://www.expatcopilot.com/netherlands/moving-to-the-netherlands?from=south-korea,from,not_fetched,,unknown,yes_html_crawl,low,DISCOVERED_PARAM_LINK,P3
https://www.expatcopilot.com/netherlands/visa-cost-calculator/,https://www.expatcopilot.com/netherlands/visa-cost-calculator?from=south-korea,from,not_fetched,,unknown,yes_html_crawl,low,DISCOVERED_PARAM_LINK,P3
https://www.expatcopilot.com/netherlands/moving/tools/first-90-days/,https://www.expatcopilot.com/netherlands/moving/tools/first-90-days?from=philippines,from,not_fetched,,unknown,yes_html_crawl,low,DISCOVERED_PARAM_LINK,P3
https://www.expatcopilot.com/netherlands/moving/tools/document-readiness/,https://www.expatcopilot.com/netherlands/moving/tools/document-readiness?from=united-states,from,not_fetched,,unknown,yes_html_crawl,low,DISCOVERED_PARAM_LINK,P3
https://www.expatcopilot.com/netherlands/moving/status-changes/,https://www.expatcopilot.com/netherlands/moving/status-changes?from=south-africa,from,not_fetched,,unknown,yes_html_crawl,low,DISCOVERED_PARAM_LINK,P3
https://www.expatcopilot.com/netherlands/moving-to-the-netherlands/,https://www.expatcopilot.com/netherlands/moving-to-the-netherlands?from=philippines,from,not_fetched,,unknown,yes_html_crawl,low,DISCOVERED_PARAM_LINK,P3
https://www.expatcopilot.com/netherlands/moving/tools/relocation-cost-estimator/,https://www.expatcopilot.com/netherlands/moving/tools/relocation-cost-estimator?from=sweden,from,not_fetched,,unknown,yes_html_crawl,low,DISCOVERED_PARAM_LINK,P3
https://www.expatcopilot.com/netherlands/document-readiness-checker/,https://www.expatcopilot.com/netherlands/document-readiness-checker?scenario=indian-engineer-hsm,scenario,not_fetched,,unknown,yes_html_crawl,low,DISCOVERED_PARAM_LINK,P3
https://www.expatcopilot.com/netherlands/moving/tools/document-readiness/,https://www.expatcopilot.com/netherlands/moving/tools/document-readiness?from=indonesia,from,not_fetched,,unknown,yes_html_crawl,low,DISCOVERED_PARAM_LINK,P3
https://www.expatcopilot.com/netherlands/moving/tools/moving-checklist/,https://www.expatcopilot.com/netherlands/moving/tools/moving-checklist?from=spain&amp;stage=before-move&amp;household=solo&amp;employment=searching&amp;region=eu,"from,amp;stage,amp;household,amp;employment,amp;region",not_fetched,,unknown,yes_html_crawl,low,DISCOVERED_PARAM_LINK,P3
https://www.expatcopilot.com/netherlands/moving/tools/relocation-cost-estimator/,https://www.expatcopilot.com/netherlands/moving/tools/relocation-cost-estimator?from=australia,from,not_fetched,,unknown,yes_html_crawl,low,DISCOVERED_PARAM_LINK,P3
https://www.expatcopilot.com/netherlands/visa-cost-calculator/,https://www.expatcopilot.com/netherlands/visa-cost-calculator?from=nigeria,from,not_fetched,,unknown,yes_html_crawl,low,DISCOVERED_PARAM_LINK,P3
https://www.expatcopilot.com/netherlands/document-readiness-checker/,https://www.expatcopilot.com/netherlands/document-readiness-checker?from=kenya,from,not_fetched,,unknown,yes_html_crawl,low,DISCOVERED_PARAM_LINK,P3
https://www.expatcopilot.com/netherlands/moving/tools/moving-checklist/,https://www.expatcopilot.com/netherlands/moving/tools/moving-checklist?from=turkey,from,not_fetched,,unknown,yes_html_crawl,low,DISCOVERED_PARAM_LINK,P3
https://www.expatcopilot.com/netherlands/visa-cost-calculator/,https://www.expatcopilot.com/netherlands/visa-cost-calculator?from=mexico,from,not_fetched,,unknown,yes_html_crawl,low,DISCOVERED_PARAM_LINK,P3
https://www.expatcopilot.com/netherlands/moving/tools/arrival-planner/,https://www.expatcopilot.com/netherlands/moving/tools/arrival-planner?from=brazil,from,not_fetched,,unknown,yes_html_crawl,low,DISCOVERED_PARAM_LINK,P3
https://www.expatcopilot.com/netherlands/moving/tools/relocation-cost-estimator/,https://www.expatcopilot.com/netherlands/moving/tools/relocation-cost-estimator?from=japan,from,not_fetched,,unknown,yes_html_crawl,low,DISCOVERED_PARAM_LINK,P3
https://www.expatcopilot.com/netherlands/moving/tools/first-90-days/,https://www.expatcopilot.com/netherlands/moving/tools/first-90-days?arrivalStage=arriving-soon&amp;household=solo&amp;startingJobSoon=yes&amp;needsIntegrationAwareness=no&amp;from=germany&amp;needsDrivingSoon=false&amp;housingSituation=temporary&amp;hasBankAccountAlready=false&amp;hasBSNAlready=false&amp;wantsLanguageSupport=false&amp;hasKidsAdminNeeds=false&amp;needsUtilitiesSetup=true,"arrivalStage,amp;household,amp;startingJobSoon,amp;needsIntegrationAwareness,amp;from,amp;needsDrivingSoon,amp;housingSituation,amp;hasBankAccountAlready,amp;hasBSNAlready,amp;wantsLanguageSupport,amp;hasKidsAdminNeeds,amp;needsUtilitiesSetup",not_fetched,,unknown,yes_html_crawl,low,DISCOVERED_PARAM_LINK,P3
https://www.expatcopilot.com/netherlands/moving/tools/first-90-days/,https://www.expatcopilot.com/netherlands/moving/tools/first-90-days?from=kenya,from,not_fetched,,unknown,yes_html_crawl,low,DISCOVERED_PARAM_LINK,P3
https://www.expatcopilot.com/netherlands/moving/tools/relocation-cost-estimator/,https://www.expatcopilot.com/netherlands/moving/tools/relocation-cost-estimator?from=pakistan,from,not_fetched,,unknown,yes_html_crawl,low,DISCOVERED_PARAM_LINK,P3
https://www.expatcopilot.com/netherlands/document-readiness-checker/,https://www.expatcopilot.com/netherlands/document-readiness-checker?from=india,from,not_fetched,,unknown,yes_html_crawl,low,DISCOVERED_PARAM_LINK,P3
https://www.expatcopilot.com/netherlands/moving/tools/first-90-days/,https://www.expatcopilot.com/netherlands/moving/tools/first-90-days?from=pakistan,from,not_fetched,,unknown,yes_html_crawl,low,DISCOVERED_PARAM_LINK,P3
https://www.expatcopilot.com/netherlands/moving/tools/moving-checklist/,https://www.expatcopilot.com/netherlands/moving/tools/moving-checklist?from=south-korea,from,not_fetched,,unknown,yes_html_crawl,low,DISCOVERED_PARAM_LINK,P3
https://www.expatcopilot.com/netherlands/visa-cost-calculator/,https://www.expatcopilot.com/netherlands/visa-cost-calculator?from=spain,from,not_fetched,,unknown,yes_html_crawl,low,DISCOVERED_PARAM_LINK,P3
https://www.expatcopilot.com/netherlands/moving/tools/relocation-cost-estimator/,https://www.expatcopilot.com/netherlands/moving/tools/relocation-cost-estimator?from=turkey,from,not_fetched,,unknown,yes_html_crawl,low,DISCOVERED_PARAM_LINK,P3
https://www.expatcopilot.com/netherlands/moving-to-the-netherlands/,https://www.expatcopilot.com/netherlands/moving-to-the-netherlands?from=sweden,from,not_fetched,,unknown,yes_html_crawl,low,DISCOVERED_PARAM_LINK,P3
https://www.expatcopilot.com/netherlands/moving/tools/document-readiness/,https://www.expatcopilot.com/netherlands/moving/tools/document-readiness?from=argentina,from,not_fetched,,unknown,yes_html_crawl,low,DISCOVERED_PARAM_LINK,P3
https://www.expatcopilot.com/netherlands/visa-timeline-estimator/,https://www.expatcopilot.com/netherlands/visa-timeline-estimator?scenario=couple-two-months,scenario,not_fetched,,unknown,yes_html_crawl,low,DISCOVERED_PARAM_LINK,P3
https://www.expatcopilot.com/netherlands/moving-to-the-netherlands/,https://www.expatcopilot.com/netherlands/moving-to-the-netherlands?from=chile,from,not_fetched,,unknown,yes_html_crawl,low,DISCOVERED_PARAM_LINK,P3
https://www.expatcopilot.com/netherlands/moving/tools/first-90-days/,https://www.expatcopilot.com/netherlands/moving/tools/first-90-days?from=argentina,from,not_fetched,,unknown,yes_html_crawl,low,DISCOVERED_PARAM_LINK,P3
https://www.expatcopilot.com/netherlands/moving/tools/relocation-cost-estimator/,https://www.expatcopilot.com/netherlands/moving/tools/relocation-cost-estimator?from=mexico,from,not_fetched,,unknown,yes_html_crawl,low,DISCOVERED_PARAM_LINK,P3
https://www.expatcopilot.com/netherlands/moving/tools/relocation-cost-estimator/,https://www.expatcopilot.com/netherlands/moving/tools/relocation-cost-estimator?from=united-kingdom,from,not_fetched,,unknown,yes_html_crawl,low,DISCOVERED_PARAM_LINK,P3
https://www.expatcopilot.com/netherlands/visa-application-plan/,https://www.expatcopilot.com/netherlands/visa-application-plan?scenario=indian-engineer-hsm,scenario,not_fetched,,unknown,yes_html_crawl,low,DISCOVERED_PARAM_LINK,P3
https://www.expatcopilot.com/netherlands/moving/tools/first-90-days/,https://www.expatcopilot.com/netherlands/moving/tools/first-90-days?from=sweden,from,not_fetched,,unknown,yes_html_crawl,low,DISCOVERED_PARAM_LINK,P3
https://www.expatcopilot.com/netherlands/moving/tools/first-90-days/,https://www.expatcopilot.com/netherlands/moving/tools/first-90-days?from=germany,from,not_fetched,,unknown,yes_html_crawl,low,DISCOVERED_PARAM_LINK,P3
https://www.expatcopilot.com/netherlands/moving/tools/arrival-planner/,https://www.expatcopilot.com/netherlands/moving/tools/arrival-planner?from=chile,from,not_fetched,,unknown,yes_html_crawl,low,DISCOVERED_PARAM_LINK,P3
https://www.expatcopilot.com/contact/,https://www.expatcopilot.com/contact?topic=service-listing,topic,not_fetched,,unknown,yes_html_crawl,low,DISCOVERED_PARAM_LINK,P3
https://www.expatcopilot.com/netherlands/moving/tools/moving-checklist/,https://www.expatcopilot.com/netherlands/moving/tools/moving-checklist?from=chile,from,not_fetched,,unknown,yes_html_crawl,low,DISCOVERED_PARAM_LINK,P3
https://www.expatcopilot.com/netherlands/moving/tools/arrival-planner/,https://www.expatcopilot.com/netherlands/moving/tools/arrival-planner?from=canada,from,not_fetched,,unknown,yes_html_crawl,low,DISCOVERED_PARAM_LINK,P3
https://www.expatcopilot.com/netherlands/moving/tools/arrival-planner/,https://www.expatcopilot.com/netherlands/moving/tools/arrival-planner?from=spain,from,not_fetched,,unknown,yes_html_crawl,low,DISCOVERED_PARAM_LINK,P3
https://www.expatcopilot.com/netherlands/visa-cost-calculator/,https://www.expatcopilot.com/netherlands/visa-cost-calculator?from=italy,from,not_fetched,,unknown,yes_html_crawl,low,DISCOVERED_PARAM_LINK,P3
https://www.expatcopilot.com/netherlands/moving/tools/moving-checklist/,https://www.expatcopilot.com/netherlands/moving/tools/moving-checklist?from=new-zealand,from,not_fetched,,unknown,yes_html_crawl,low,DISCOVERED_PARAM_LINK,P3
https://www.expatcopilot.com/netherlands/moving/tools/relocation-cost-estimator/,https://www.expatcopilot.com/netherlands/moving/tools/relocation-cost-estimator?from=nigeria,from,not_fetched,,unknown,yes_html_crawl,low,DISCOVERED_PARAM_LINK,P3
https://www.expatcopilot.com/netherlands/moving/tools/arrival-planner/,https://www.expatcopilot.com/netherlands/moving/tools/arrival-planner?from=mexico,from,not_fetched,,unknown,yes_html_crawl,low,DISCOVERED_PARAM_LINK,P3
https://www.expatcopilot.com/netherlands/moving/tools/moving-checklist/,https://www.expatcopilot.com/netherlands/moving/tools/moving-checklist?from=singapore,from,not_fetched,,unknown,yes_html_crawl,low,DISCOVERED_PARAM_LINK,P3
https://www.expatcopilot.com/netherlands/moving/tools/first-90-days/,https://www.expatcopilot.com/netherlands/moving/tools/first-90-days?from=chile,from,not_fetched,,unknown,yes_html_crawl,low,DISCOVERED_PARAM_LINK,P3
https://www.expatcopilot.com/netherlands/visa-cost-calculator/,https://www.expatcopilot.com/netherlands/visa-cost-calculator?from=canada,from,not_fetched,,unknown,yes_html_crawl,low,DISCOVERED_PARAM_LINK,P3
https://www.expatcopilot.com/netherlands/moving/tools/document-readiness/,https://www.expatcopilot.com/netherlands/moving/tools/document-readiness?from=south-africa,from,not_fetched,,unknown,yes_html_crawl,low,DISCOVERED_PARAM_LINK,P3
https://www.expatcopilot.com/netherlands/living/tools/utilities-services-comparison/,https://www.expatcopilot.com/netherlands/living/tools/utilities-services-comparison?s=eyJwbGFubmVyTW9kZSI6InF1aWNrIiwiY2l0eSI6InV0cmVjaHQiLCJtb3ZlU3RhZ2UiOiJtb3Zpbmdfc29vbiIsImhvdXNlaG9sZFR5cGUiOiJmYW1pbHkiLCJhZHVsdHNDb3VudCI6MiwiY2hpbGRyZW5Db3VudCI6MiwicmVudGVyT3JPd25lciI6InJlbnRlciIsInV0aWxpdGllc0luY2x1ZGVkSW5SZW50Ijoibm8iLCJob3VzaW5nVHlwZSI6ImFwYXJ0bWVudCIsInNpemVCYW5kIjoibWVkaXVtIiwiZW5lcmd5UXVhbGl0eSI6ImF2ZXJhZ2UiLCJoZWF0aW5nIjoiZ2FzIiwiZnVybmlzaGVkIjoidW5mdXJuaXNoZWQiLCJsYW5kbG9yZEJ1aWxkaW5nSW5jbHVkZXNTZXJ2aWNlcyI6Im5vIiwidXNhZ2VMZXZlbCI6ImF2ZXJhZ2UiLCJpbnRlcm5ldFRpZXIiOiJzdGFuZGFyZCIsIm1vYmlsZVVzYWdlIjoic3RhbmRhcmQiLCJtb2JpbGVMaW5lcyI6MiwiZXZIZWF2eSI6ZmFsc2UsIndmaEhlYXZ5IjpmYWxzZSwiaW5jbHVkZUludGVybmV0Ijp0cnVlLCJpbmNsdWRlTW9iaWxlIjp0cnVlLCJpbmNsdWRlVHZNZWRpYSI6ZmFsc2UsImluY2x1ZGVDb250ZW50c0luc3VyYW5jZSI6dHJ1ZSwiaW5jbHVkZUxpYWJpbGl0eUluc3VyYW5jZSI6dHJ1ZSwicHJpb3JpdHkiOiJiYWxhbmNlZCIsIm1vdmluZ0RhdGVOb3RlIjoiIiwic2hvcnRUZXJtT3ZlcmxhcCI6ZmFsc2V9,s,not_fetched,,unknown,yes_html_crawl,low,DISCOVERED_PARAM_LINK,P3
https://www.expatcopilot.com/netherlands/document-readiness-checker/,https://www.expatcopilot.com/netherlands/document-readiness-checker?from=indonesia,from,not_fetched,,unknown,yes_html_crawl,low,DISCOVERED_PARAM_LINK,P3
https://www.expatcopilot.com/netherlands/visa-cost-calculator/,https://www.expatcopilot.com/netherlands/visa-cost-calculator?from=norway,from,not_fetched,,unknown,yes_html_crawl,low,DISCOVERED_PARAM_LINK,P3
https://www.expatcopilot.com/netherlands/moving/tools/relocation-cost-estimator/,https://www.expatcopilot.com/netherlands/moving/tools/relocation-cost-estimator?from=brazil,from,not_fetched,,unknown,yes_html_crawl,low,DISCOVERED_PARAM_LINK,P3
https://www.expatcopilot.com/netherlands/moving-to-the-netherlands/,https://www.expatcopilot.com/netherlands/moving-to-the-netherlands?from=italy,from,not_fetched,,unknown,yes_html_crawl,low,DISCOVERED_PARAM_LINK,P3
https://www.expatcopilot.com/netherlands/document-readiness-checker/,https://www.expatcopilot.com/netherlands/document-readiness-checker?from=turkey,from,not_fetched,,unknown,yes_html_crawl,low,DISCOVERED_PARAM_LINK,P3
https://www.expatcopilot.com/netherlands/moving/tools/arrival-planner/,https://www.expatcopilot.com/netherlands/moving/tools/arrival-planner?from=india&amp;addressStatus=yes&amp;household=kids&amp;needBankingSoon=yes,"from,amp;addressStatus,amp;household,amp;needBankingSoon",not_fetched,,unknown,yes_html_crawl,low,DISCOVERED_PARAM_LINK,P3
https://www.expatcopilot.com/netherlands/visa-cost-calculator/,https://www.expatcopilot.com/netherlands/visa-cost-calculator?from=japan,from,not_fetched,,unknown,yes_html_crawl,low,DISCOVERED_PARAM_LINK,P3
https://www.expatcopilot.com/netherlands/moving/tools/document-readiness/,https://www.expatcopilot.com/netherlands/moving/tools/document-readiness?from=ireland,from,not_fetched,,unknown,yes_html_crawl,low,DISCOVERED_PARAM_LINK,P3
https://www.expatcopilot.com/netherlands/moving/working-in-the-netherlands/,https://www.expatcopilot.com/netherlands/moving/working-in-the-netherlands?from=south-africa,from,not_fetched,,unknown,yes_html_crawl,low,DISCOVERED_PARAM_LINK,P3
https://www.expatcopilot.com/netherlands/moving/tools/relocation-cost-estimator/,https://www.expatcopilot.com/netherlands/moving/tools/relocation-cost-estimator?from=united-states,from,not_fetched,,unknown,yes_html_crawl,low,DISCOVERED_PARAM_LINK,P3
https://www.expatcopilot.com/netherlands/register-address-netherlands/,https://www.expatcopilot.com/netherlands/register-address-netherlands?from=south-africa,from,not_fetched,,unknown,yes_html_crawl,low,DISCOVERED_PARAM_LINK,P3
https://www.expatcopilot.com/netherlands/visa-application-plan/,https://www.expatcopilot.com/netherlands/visa-application-plan?scenario=south-african-partner,scenario,not_fetched,,unknown,yes_html_crawl,low,DISCOVERED_PARAM_LINK,P3
https://www.expatcopilot.com/netherlands/document-readiness-checker/,https://www.expatcopilot.com/netherlands/document-readiness-checker?from=chile,from,not_fetched,,unknown,yes_html_crawl,low,DISCOVERED_PARAM_LINK,P3
https://www.expatcopilot.com/netherlands/moving/tools/relocation-cost-estimator/,https://www.expatcopilot.com/netherlands/moving/tools/relocation-cost-estimator?from=india,from,not_fetched,,unknown,yes_html_crawl,low,DISCOVERED_PARAM_LINK,P3
https://www.expatcopilot.com/netherlands/moving/tools/moving-checklist/,https://www.expatcopilot.com/netherlands/moving/tools/moving-checklist?from=italy,from,not_fetched,,unknown,yes_html_crawl,low,DISCOVERED_PARAM_LINK,P3
https://www.expatcopilot.com/netherlands/visa-cost-calculator/,https://www.expatcopilot.com/netherlands/visa-cost-calculator?from=indonesia,from,not_fetched,,unknown,yes_html_crawl,low,DISCOVERED_PARAM_LINK,P3
https://www.expatcopilot.com/netherlands/moving/tools/arrival-planner/,https://www.expatcopilot.com/netherlands/moving/tools/arrival-planner?from=south-africa&amp;addressStatus=soon&amp;household=solo&amp;needBankingSoon=no,"from,amp;addressStatus,amp;household,amp;needBankingSoon",not_fetched,,unknown,yes_html_crawl,low,DISCOVERED_PARAM_LINK,P3
https://www.expatcopilot.com/netherlands/moving/tools/arrival-planner/,https://www.expatcopilot.com/netherlands/moving/tools/arrival-planner?from=pakistan,from,not_fetched,,unknown,yes_html_crawl,low,DISCOVERED_PARAM_LINK,P3
https://www.expatcopilot.com/netherlands/moving/tools/moving-checklist/,https://www.expatcopilot.com/netherlands/moving/tools/moving-checklist?from=norway,from,not_fetched,,unknown,yes_html_crawl,low,DISCOVERED_PARAM_LINK,P3
